콘존ID,콘존길이,기점종점방향구분코드,시작노드ID,종료노드ID,차로수,노선번호,제한속도,노선구성순번,콘존명,버스전용차로유무,도로등급구분코드
0010CZE005,200.00,E,0491,0004,3,0010,100.00,1,경부고속국도시점-구서IC,0,101
0010CZE010,1820.00,E,0004,0446,3,0010,100.00,2,구서IC-영락IC,0,101
0010CZE011,1990.00,E,0446,0486,3,0010,100.00,3,영락IC-부산TG,0,101
0010CZE020,1070.00,E,0486,0447,3,0010,100.00,4,부산TG-노포,0,101
0010CZE030,7780.00,E,0447,0669,3,0010,100.00,5,노포IC-노포JC,0,101
0010CZE035,7280.00,E,0669,0155,2,0010,100.00,6,노포JC-양산JC,0,101
0010CZE040,5080.00,E,0155,0453,4,0010,100.00,7,양산JC-양산IC,0,101
0010CZE050,14110.00,E,0453,0652,3,0010,100.00,8,양산IC-통도사Hi,0,101
0010CZE055,1050.00,E,0652,0160,3,0010,100.00,9,통도사Hi-서울산IC,0,101
0010CZE060,1010.00,E,0160,1027,3,0010,100.00,10,통도사IC-서울주JC,0,101
0010CZE065,5420.00,E,1027,0203,3,0010,100.00,11,서울주JC-서울산IC,0,101
0010CZE070,1630.00,E,0203,0204,3,0010,100.00,12,서울산IC-언양JC,0,101
0010CZE080,17090.00,E,0204,0635,3,0010,100.00,13,언양JC-활천IC,0,101
0010CZE085,11060.00,E,0635,0008,2,0010,100.00,14,활천IC-경주IC,0,101
0010CZE090,10400.00,E,0008,0009,3,0010,100.00,15,경주IC-건천IC,0,101
0010CZE100,12180.00,E,0009,1012,3,0010,100.00,16,건천IC-영천JC,0,101
0010CZE105,5550.00,E,1012,0116,2,0010,100.00,17,영천JC-영천IC,0,101
0010CZE110,16450.00,E,0116,0115,3,0010,100.00,18,영천IC-경산IC,0,101
0010CZE120,9260.00,E,0115,0010,4,0010,100.00,19,경산IC-동대구JC,0,101
0010CZE130,4090.00,E,0010,0018,4,0010,100.00,20,동대구JC-도동JC,0,101
0010CZE140,7680.00,E,0018,0012,4,0010,100.00,21,도동JC-북대구IC,0,101
0010CZE150,5480.00,E,0012,0013,4,0010,100.00,22,북대구IC-금호JC,0,101
0010CZE160,10740.00,E,0013,0464,4,0010,100.00,23,금호JC-칠곡물류IC,0,101
0010CZE170,3180.00,E,0464,0117,4,0010,100.00,24,칠곡물류IC-왜관IC,0,101
0010CZE180,13980.00,E,0117,0120,4,0010,100.00,25,왜관IC-남구미IC,0,101
0010CZE190,5070.00,E,0120,0122,4,0010,100.00,26,남구미IC-구미IC,0,101
0010CZE200,10860.00,E,0122,0080,4,0010,100.00,27,구미IC-김천JC,0,101
0010CZE210,9120.00,E,0080,0563,3,0010,100.00,28,김천JC-동김천IC,0,101
0010CZE215,7970.00,E,0563,0123,3,0010,100.00,29,동김천IC-김천IC,0,101
0010CZE220,12030.00,E,0123,0082,3,0010,100.00,30,김천IC-추풍령IC,0,101
0010CZE230,10080.00,E,0082,0096,3,0010,100.00,31,추풍령IC-황간IC,0,101
0010CZE240,9890.00,E,0096,0095,3,0010,100.00,32,황간IC-영동IC,0,101
0010CZE250,16040.00,E,0095,0463,3,0010,100.00,33,영동IC-금강IC,0,101
0010CZE260,11400.00,E,0463,0021,3,0010,100.00,34,금강IC-옥천IC,0,101
0010CZE270,8670.00,E,0021,0108,3,0010,100.00,35,옥천IC-비룡JC,0,101
0010CZE280,4060.00,E,0108,0100,3,0010,100.00,36,비룡JC-대전IC,0,101
0010CZE290,5450.00,E,0100,0102,3,0010,100.00,37,대전IC-회덕JC,0,101
0010CZE300,5090.00,E,0102,0104,4,0010,100.00,38,회덕JC-신탄진IC,0,101
0010CZE310,10070.00,E,0104,0068,4,0010,100.00,39,신탄진IC-남청주IC,1,101
0010CZE320,3550.00,E,0068,0362,4,0010,100.00,40,남청주IC-청주JC,1,101
0010CZE330,3890.00,E,0362,0067,3,0010,100.00,41,청주JC-남이JC,1,101
0010CZE340,4620.00,E,0067,0066,3,0010,100.00,42,남이JC-청주IC,1,101
0010CZE350,3490.00,E,0066,0649,3,0010,100.00,43,청주IC-옥산IC,1,101
0010CZE355,7500.00,E,0649,0673,3,0010,100.00,44,옥산IC-옥산JC,1,101
0010CZE357,13810.00,E,0673,0049,3,0010,100.00,45,옥산JC-목천IC,1,101
0010CZE360,3530.00,E,0049,0050,3,0010,100.00,46,목천IC-천안JC,1,101
0010CZE370,6700.00,E,0050,0052,4,0010,100.00,47,천안JC-천안IC,1,101
0010CZE380,8360.00,E,0052,0562,4,0010,110.00,48,천안IC-북천안IC,1,101
0010CZE385,11610.00,E,0562,0247,4,0010,110.00,49,북천안IC-안성IC,1,101
0010CZE390,4830.00,E,0247,0300,4,0010,110.00,50,안성IC-안성JC,1,101
0010CZE400,13270.00,E,0300,0244,4,0010,110.00,51,안성JC-오산IC,1,101
0010CZE410,3890.00,E,0244,0432,4,0010,110.00,52,오산IC-동탄JC,1,101
0010CZE420,4390.00,E,0432,0462,4,0010,110.00,53,동탄JC-기흥동탄IC,1,101
0010CZE430,700.00,E,0462,0308,5,0010,110.00,54,기흥동탄IC-기흥IC,1,101
0010CZE440,5090.00,E,0308,0305,5,0010,110.00,55,기흥IC-수원신갈IC,1,101
0010CZE450,2680.00,E,0305,0309,5,0010,110.00,56,수원신갈IC-신갈JC,1,101
0010CZE460,8340.00,E,0309,0280,5,0010,110.00,57,신갈JC-서울TG,1,101
0010CZE470,3640.00,E,0280,0274,5,0010,110.00,58,서울TG-판교IC,1,101
0010CZE480,1100.00,E,0274,0273,5,0010,110.00,59,판교IC-판교JC,1,101
0010CZE490,390.00,E,0273,0460,5,0010,110.00,60,판교JC-대왕판교IC,1,101
0010CZE500,570.00,E,0460,0681,5,0010,110.00,61,대왕판교IC-금토JC,1,101
0010CZE505,7050.00,E,0681,0238,5,0010,100.00,62,금토JC-양재IC,0,101
0010CZE510,2490.00,E,0238,0237,4,0010,100.00,63,양재IC-서초IC,1,101
0010CZE520,1780.00,E,0237,0233,4,0010,100.00,64,서초IC-반포IC,1,101
0010CZE521,1380.00,E,0233,0487,4,0010,100.00,65,반포IC-잠원IC,1,101
0010CZE522,1300.00,E,0487,0476,4,0010,100.00,66,잠원IC-한남IC,1,101
0010CZS005,200.00,S,0004,0491,3,0010,100.00,66,구서IC-경부고속국도시점,0,101
0010CZS010,1820.00,S,0446,0004,3,0010,100.00,65,영락IC-구서IC,0,101
0010CZS011,1990.00,S,0486,0446,3,0010,100.00,64,부산TG-영락IC,0,101
0010CZS020,1070.00,S,0447,0486,3,0010,100.00,63,노포IC-부산TG,0,101
0010CZS030,7780.00,S,0669,0447,3,0010,100.00,62,노포JC-노포IC,0,101
0010CZS035,7280.00,S,0155,0669,2,0010,100.00,61,양산JC-노포JC,0,101
0010CZS040,5080.00,S,0453,0155,4,0010,100.00,60,양산IC-양산JC,0,101
0010CZS050,14110.00,S,0652,0453,3,0010,100.00,59,통도사Hi-양산IC,0,101
0010CZS055,1050.00,S,0160,0652,3,0010,100.00,58,통도사IC-통도사Hi,0,101
0010CZS060,1010.00,S,1027,0160,3,0010,100.00,57,서울주JC-통도사IC,0,101
0010CZS065,5420.00,S,0203,1027,3,0010,100.00,56,서울산IC-서울주JC,0,101
0010CZS070,1630.00,S,0204,0203,3,0010,100.00,55,언양JC-서울산IC,0,101
0010CZS080,17090.00,S,0635,0204,3,0010,100.00,54,활천IC-언양JC,0,101
0010CZS085,11060.00,S,0008,0635,2,0010,100.00,53,경주IC-활천IC,0,101
0010CZS090,10400.00,S,0009,0008,3,0010,100.00,52,건천IC-경주IC,0,101
0010CZS100,12180.00,S,1012,0009,3,0010,100.00,51,영천JC-건천IC,0,101
0010CZS105,5550.00,S,0116,1012,2,0010,100.00,50,영천IC-영천JC,0,101
0010CZS110,16450.00,S,0115,0116,3,0010,100.00,49,경산IC-영천IC,0,101
0010CZS120,9260.00,S,0010,0115,4,0010,100.00,48,동대구JC-경산IC,0,101
0010CZS130,4090.00,S,0018,0010,4,0010,100.00,47,도동JC-동대구JC,0,101
0010CZS140,7680.00,S,0012,0018,4,0010,100.00,46,북대구IC-도동JC,0,101
0010CZS150,5480.00,S,0013,0012,4,0010,100.00,45,금호JC-북대구IC,0,101
0010CZS160,10740.00,S,0464,0013,4,0010,100.00,44,칠곡물류IC-금호JC,0,101
0010CZS170,3180.00,S,0117,0464,4,0010,100.00,43,왜관IC-칠곡물류IC,0,101
0010CZS180,13980.00,S,0120,0117,4,0010,100.00,42,남구미IC-왜관IC,0,101
0010CZS190,5070.00,S,0122,0120,4,0010,100.00,41,구미IC-남구미IC,0,101
0010CZS200,10860.00,S,0080,0122,4,0010,100.00,40,김천JC-구미IC,0,101
0010CZS210,9120.00,S,0563,0080,3,0010,100.00,39,동김천IC-김천JC,0,101
0010CZS215,7970.00,S,0123,0563,3,0010,100.00,38,김천IC-동김천IC,0,101
0010CZS220,12030.00,S,0082,0123,3,0010,100.00,37,추풍령IC-김천IC,0,101
0010CZS230,10080.00,S,0096,0082,3,0010,100.00,36,황간IC-추풍령IC,0,101
0010CZS240,9890.00,S,0095,0096,3,0010,100.00,35,영동IC-황간IC,0,101
0010CZS250,16040.00,S,0463,0095,3,0010,100.00,34,금강IC-영동IC,0,101
0010CZS260,11400.00,S,0021,0463,3,0010,100.00,33,옥천IC-금강IC,0,101
0010CZS270,8670.00,S,0108,0021,3,0010,100.00,32,비룡JC-옥천IC,0,101
0010CZS280,4060.00,S,0100,0108,3,0010,100.00,31,대전IC-비룡JC,0,101
0010CZS290,5450.00,S,0102,0100,3,0010,100.00,30,회덕JC-대전IC,0,101
0010CZS300,5090.00,S,0104,0102,4,0010,100.00,29,신탄진IC-회덕JC,0,101
0010CZS310,10070.00,S,0068,0104,4,0010,100.00,28,남청주IC-신탄진IC,1,101
0010CZS320,3550.00,S,0362,0068,4,0010,100.00,27,청주JC-남청주IC,1,101
0010CZS330,3890.00,S,0067,0362,3,0010,100.00,26,남이JC-청주JC,1,101
0010CZS340,4620.00,S,0066,0067,3,0010,100.00,25,청주IC-남이JC,1,101
0010CZS350,3490.00,S,0649,0066,3,0010,100.00,24,옥산IC-청주IC,1,101
0010CZS355,7500.00,S,0673,0649,3,0010,100.00,23,옥산JC-옥산IC,0,101
0010CZS357,13810.00,S,0049,0673,3,0010,100.00,22,목천IC-옥산JC,1,101
0010CZS360,3530.00,S,0050,0049,3,0010,100.00,21,천안JC-목천IC,1,101
0010CZS370,6700.00,S,0052,0050,4,0010,100.00,20,천안IC-천안JC,1,101
0010CZS380,8360.00,S,0562,0052,4,0010,110.00,19,북천안IC-천안IC,1,101
0010CZS385,11610.00,S,0247,0562,4,0010,110.00,18,안성IC-북천안IC,1,101
0010CZS390,4830.00,S,0300,0247,4,0010,110.00,17,안성JC-안성IC,1,101
0010CZS400,13270.00,S,0244,0300,4,0010,110.00,16,오산IC-안성JC,1,101
0010CZS410,3890.00,S,0432,0244,4,0010,110.00,15,동탄JC-오산IC,1,101
0010CZS420,4390.00,S,0462,0432,4,0010,110.00,14,기흥동탄IC-동탄JC,1,101
0010CZS430,700.00,S,0308,0462,5,0010,110.00,13,기흥IC-기흥동탄IC,1,101
0010CZS440,5090.00,S,0305,0308,5,0010,110.00,12,수원신갈IC-기흥IC,1,101
0010CZS450,2680.00,S,0309,0305,5,0010,110.00,11,신갈JC-수원신갈IC,1,101
0010CZS460,8340.00,S,0280,0309,5,0010,110.00,10,서울TG-신갈JC,1,101
0010CZS470,3640.00,S,0274,0280,5,0010,110.00,9,판교IC-서울TG,1,101
0010CZS480,1100.00,S,0273,0274,5,0010,110.00,8,판교JC-판교IC,1,101
0010CZS490,390.00,S,0460,0273,5,0010,110.00,7,대왕판교IC-판교JC,1,101
0010CZS500,570.00,S,0681,0460,5,0010,110.00,6,금토JC-대왕판교IC,1,101
0010CZS505,7050.00,S,0238,0681,5,0010,100.00,5,양재IC-금토JC,0,101
0010CZS510,2490.00,S,0237,0238,4,0010,100.00,4,서초IC-양재IC,1,101
0010CZS520,1780.00,S,0233,0237,4,0010,100.00,3,반포IC-서초IC,1,101
0010CZS521,1380.00,S,0487,0233,4,0010,100.00,2,잠원IC-반포IC,1,101
0010CZS522,1300.00,S,0476,0487,4,0010,100.00,1,한남IC-잠원IC,1,101
0100CZE010,3800.00,E,0222,0221,2,0100,100.00,1,서순천IC-순천IC,0,101
0100CZE020,1800.00,E,0221,0535,2,0100,100.00,2,순천IC-순천JC,0,101
0100CZE025,7000.00,E,0535,0212,2,0100,100.00,3,순천JC-광양IC,0,101
0100CZE030,5100.00,E,0212,0215,2,0100,100.00,4,광양IC-동광양IC,0,101
0100CZE040,6500.00,E,0215,0214,2,0100,100.00,5,동광양IC-옥곡IC,0,101
0100CZE050,4400.00,E,0214,0213,2,0100,100.00,6,옥곡IC-진월IC,0,101
0100CZE060,7000.00,E,0213,0227,2,0100,100.00,7,진월IC-하동IC,0,101
0100CZE070,10100.00,E,0227,0130,2,0100,100.00,8,하동IC-진교IC,0,101
0100CZE080,6400.00,E,0130,0131,2,0100,100.00,9,진교IC-곤양IC,0,101
0100CZE090,8000.00,E,0131,0126,2,0100,100.00,10,곤양IC-축동IC,0,101
0100CZE100,5900.00,E,0126,0132,2,0100,100.00,11,축동IC-사천IC,0,101
0100CZE110,2500.00,E,0132,0133,2,0100,100.00,12,사천IC-진주JC,0,101
0100CZE120,3200.00,E,0133,0134,2,0100,100.00,13,진주JC-진주IC,0,101
0100CZE130,4000.00,E,0134,0128,2,0100,80.00,14,진주IC-문산IC,0,101
0100CZE140,6900.00,E,0128,0136,2,0100,100.00,15,문산IC-진성IC,0,101
0100CZE150,6000.00,E,0136,0127,2,0100,80.00,16,진성IC-지수IC,0,101
0100CZE160,9200.00,E,0127,0168,2,0100,100.00,17,지수IC-군북IC,0,101
0100CZE170,2800.00,E,0168,0129,2,0100,100.00,18,군북IC-장지IC,0,101
0100CZE180,3600.00,E,0129,0149,2,0100,100.00,19,장지IC-함안IC,0,101
0100CZE190,8700.00,E,0149,0124,2,0100,100.00,20,함안IC-산인JC,0,101
0100CZE200,3100.00,E,0124,0148,2,0100,100.00,21,산인JC-칠원JC,0,101
0100CZE205,4900.00,E,0148,0650,2,0100,100.00,22,칠원JC - 창원1터널(서측),0,101
0100CZE210,2700.00,E,0650,0651,2,0100,100.00,23,창원1터널(서측) - 창원1터널(동측),0,101
0100CZE215,1200.00,E,0651,0150,2,0100,100.00,24,창원1터널(동측) - 북창원IC,0,101
0100CZE220,3600.00,E,0150,0145,2,0100,100.00,25,북창원IC-창원JC,0,101
0100CZE230,5000.00,E,0145,0146,2,0100,100.00,26,창원JC-동창원IC,0,101
0100CZE240,2300.00,E,0146,0663,2,0100,100.00,27,동창원IC-진영JC,0,101
0100CZE245,4000.00,E,0663,0143,4,0100,100.00,28,진영JC-진례IC,0,101
0100CZE250,3200.00,E,0143,0624,4,0100,100.00,29,진례IC-진례JC,0,101
0100CZE255,3800.00,E,0624,0139,4,0100,100.00,30,진례JC-냉정JC,0,101
0100CZE260,4800.00,E,0139,0138,4,0100,100.00,31,냉정JC-서김해IC,0,101
0100CZE270,4500.00,E,0138,0140,3,0100,100.00,32,서김해IC-동김해IC,0,101
0100CZE280,2700.00,E,0140,0577,3,0100,100.00,33,동김해IC-김해JC,0,101
0100CZE282,1600.00,E,0577,0497,3,0100,100.00,34,김해JC-북부산TG,0,101
0100CZE285,3200.00,E,0497,0003,2,0100,100.00,35,북부산TG-대저JC,0,101
0100CZE290,2860.00,E,0003,0006,2,0100,100.00,36,대저JC-덕천IC,0,101
0100CZE300,1640.00,E,0006,0450,2,0100,100.00,37,덕천IC-구포IC,0,101
0100CZS010,3800.00,S,0221,0222,2,0100,100.00,37,순천IC-서순천IC,0,101
0100CZS020,1800.00,S,0535,0221,2,0100,100.00,36,순천JC-순천IC,0,101
0100CZS025,7000.00,S,0212,0535,2,0100,100.00,35,광양IC-순천JC,0,101
0100CZS030,5100.00,S,0215,0212,2,0100,100.00,34,동광양IC-광양IC,0,101
0100CZS040,6500.00,S,0214,0215,2,0100,100.00,33,옥곡IC-동광양IC,0,101
0100CZS050,4400.00,S,0213,0214,2,0100,100.00,32,진월IC-옥곡IC,0,101
0100CZS060,7000.00,S,0227,0213,2,0100,100.00,31,하동IC-진월IC,0,101
0100CZS070,10100.00,S,0130,0227,2,0100,100.00,30,진교IC-하동IC,0,101
0100CZS080,6400.00,S,0131,0130,2,0100,100.00,29,곤양IC-진교IC,0,101
0100CZS090,8000.00,S,0126,0131,2,0100,100.00,28,축동IC-곤양IC,0,101
0100CZS100,5900.00,S,0132,0126,2,0100,100.00,27,사천IC-축동IC,0,101
0100CZS110,2500.00,S,0133,0132,2,0100,100.00,26,진주JC-사천IC,0,101
0100CZS120,3200.00,S,0134,0133,2,0100,80.00,25,진주IC-진주JC,0,101
0100CZS130,4000.00,S,0128,0134,2,0100,100.00,24,문산IC-진주IC,0,101
0100CZS140,6900.00,S,0136,0128,2,0100,80.00,23,진성IC-문산IC,0,101
0100CZS150,6000.00,S,0127,0136,2,0100,100.00,22,지수IC-진성IC,0,101
0100CZS160,9200.00,S,0168,0127,2,0100,100.00,21,군북IC-지수IC,0,101
0100CZS170,2800.00,S,0129,0168,2,0100,100.00,20,장지IC-군북IC,0,101
0100CZS180,3600.00,S,0149,0129,2,0100,100.00,19,함안IC-장지IC,0,101
0100CZS190,8700.00,S,0124,0149,2,0100,80.00,18,산인JC-함안IC,0,101
0100CZS200,3100.00,S,0148,0124,2,0100,100.00,17,칠원JC-산인JC,0,101
0100CZS205,4900.00,S,0650,0148,2,0100,100.00,16,창원1터널(서측) - 철원JC,0,101
0100CZS210,2700.00,S,0651,0650,2,0100,100.00,15,창원1터널(동측) - 창원1터널(서측),0,101
0100CZS215,1200.00,S,0150,0651,2,0100,100.00,14,북창원IC - 창원1터널(동측),0,101
0100CZS220,3600.00,S,0145,0150,2,0100,100.00,13,창원JC-북창원IC,0,101
0100CZS230,5000.00,S,0146,0145,2,0100,100.00,12,동창원IC-창원JC,0,101
0100CZS240,2300.00,S,0663,0146,2,0100,100.00,11,진영JC-동창원IC,0,101
0100CZS245,4000.00,S,0143,0663,4,0100,100.00,10,진례IC-진례IC,0,101
0100CZS250,3200.00,S,0624,0143,4,0100,100.00,9,진례IC-진례JC,0,101
0100CZS255,3800.00,S,0139,0624,4,0100,100.00,8,냉정JC-진례JC,0,101
0100CZS260,4800.00,S,0138,0139,4,0100,100.00,7,서김해IC-냉정JC,0,101
0100CZS270,4500.00,S,0140,0138,3,0100,100.00,6,동김해IC-서김해IC,0,101
0100CZS280,2700.00,S,0577,0140,3,0100,100.00,5,김해JC-동김해IC,0,101
0100CZS282,1600.00,S,0497,0577,3,0100,100.00,4,북부산TG-김해JC,0,101
0100CZS285,3200.00,S,0003,0497,2,0100,100.00,3,대저JC-북부산TG,0,101
0100CZS290,2860.00,S,0006,0003,2,0100,100.00,2,덕천IC-대저JC,0,101
0100CZS300,1640.00,S,0450,0006,2,0100,100.00,1,구포IC-덕천IC,0,101
0101CZE010,360.00,E,0548,0549,2,0101,100.00,1,시점(영암군학산면은곡리)-서영암IC,0,101
0101CZE020,4550.00,E,0549,0550,2,0101,100.00,2,서영암IC-서영암TG,0,101
0101CZE030,430.00,E,0550,0551,2,0101,100.00,3,서영암TG-서호학산IC,0,101
0101CZE040,14190.00,E,0551,0552,2,0101,100.00,4,서호학산IC-강진IC,0,101
0101CZE050,18730.00,E,0552,0553,2,0101,100.00,5,강진IC-장흥IC,0,101
0101CZE060,22940.00,E,0553,0554,2,0101,100.00,6,장흥IC-보성IC,0,101
0101CZE070,18510.00,E,0554,0555,2,0101,100.00,7,보성IC-벌교IC,0,101
0101CZE080,4720.00,E,0555,0556,2,0101,100.00,8,벌교IC-고흥IC,0,101
0101CZE090,12820.00,E,0556,0557,2,0101,100.00,9,고흥IC-남순천TG,0,101
0101CZE100,3010.00,E,0557,0558,2,0101,100.00,10,남순천TG-순천만IC,0,101
0101CZE110,4700.00,E,0558,0559,2,0101,100.00,11,순천만IC-도롱IC,0,101
0101CZE120,1640.00,E,0559,0560,2,0101,100.00,12,도롱IC-해룡IC,0,101
0101CZE130,240.00,E,0560,0561,2,0101,100.00,13,해룡IC-종점(순천시해룡면성산리),0,101
0101CZS010,360.00,S,0549,0548,2,0101,100.00,13,서영암IC-시점(영암군학산면은곡리),0,101
0101CZS020,4550.00,S,0550,0549,2,0101,100.00,12,서영암TG-서영암IC,0,101
0101CZS030,430.00,S,0551,0550,2,0101,100.00,11,서호학산IC-서영암TG,0,101
0101CZS040,14190.00,S,0552,0551,2,0101,100.00,10,강진IC-서호학산IC,0,101
0101CZS050,18730.00,S,0553,0552,2,0101,100.00,9,장흥IC-강진IC,0,101
0101CZS060,22940.00,S,0554,0553,2,0101,100.00,8,보성IC-장흥IC,0,101
0101CZS070,18510.00,S,0555,0554,2,0101,100.00,7,벌교IC-보성IC,0,101
0101CZS080,4720.00,S,0556,0555,2,0101,100.00,6,고흥IC-벌교IC,0,101
0101CZS090,12820.00,S,0557,0556,2,0101,100.00,5,남순천TG-고흥IC,0,101
0101CZS100,3010.00,S,0558,0557,2,0101,100.00,4,순천만IC-남순천TG,0,101
0101CZS110,4700.00,S,0559,0558,2,0101,100.00,3,도롱IC-순천만IC,0,101
0101CZS120,1640.00,S,0560,0559,2,0101,100.00,2,해룡IC-도롱IC,0,101
0101CZS130,240.00,S,0561,0560,2,0101,100.00,1,종점(순천시해룡면성산리)-해룡IC,0,101
0105CZE100,5100.00,E,0620,0621,2,0105,100.00,1,남문대교-진해IC,0,109
0105CZE110,4400.00,E,0621,0622,2,0105,100.00,2,진해IC-대청IC,0,109
0105CZE120,5600.00,E,0622,0623,2,0105,100.00,3,대청IC-산본IC,0,109
0105CZE130,600.00,E,0623,0624,2,0105,100.00,4,산본IC-진례JC,0,109
0105CZS100,5100.00,S,0621,0620,2,0105,100.00,4,진해IC-남문대교,0,109
0105CZS110,4400.00,S,0622,0621,2,0105,100.00,3,대청IC-진해IC,0,109
0105CZS120,5600.00,S,0623,0622,2,0105,100.00,2,산본IC-대청IC,0,109
0105CZS130,600.00,S,0624,0623,2,0105,100.00,1,진례JC-산본IC,0,109
0120CZE090,3000.00,E,0197,0348,3,0120,100.00,1,고서JC-담양JC,0,101
0120CZE100,3740.00,E,0348,0200,2,0120,100.00,2,담양JC-담양IC,0,101
0120CZE110,18200.00,E,0200,0176,2,0120,100.00,3,담양IC-순창IC,0,101
0120CZE120,17560.00,E,0176,0539,2,0120,100.00,4,순창IC-남원JC,0,101
0120CZE125,9040.00,E,0539,0177,2,0120,100.00,5,남원JC-남원IC,0,101
0120CZE130,9500.00,E,0177,0173,2,0120,100.00,6,남원IC~동남원IC,0,101
0120CZE140,11500.00,E,0173,0179,2,0120,100.00,7,동남원IC~지리산IC,0,101
0120CZE150,14080.00,E,0179,1013,2,0120,100.00,8,지리산IC-서함양IC,0,101
0120CZE155,3730.00,E,1013,0161,2,0120,100.00,9,서함양IC-함양IC,0,101
0120CZE160,1880.00,E,0161,0162,2,0120,100.00,10,함양IC-함양JC,0,101
0120CZE170,24170.00,E,0162,0165,2,0120,100.00,11,함양JC-거창IC,0,101
0120CZE180,10600.00,E,0165,0166,2,0120,100.00,12,거창IC-가조IC,0,101
0120CZE190,14800.00,E,0166,0167,2,0120,100.00,13,가조IC-해인사IC,0,101
0120CZE200,6400.00,E,0167,0113,2,0120,100.00,14,해인사IC-고령IC,0,101
0120CZE210,12620.00,E,0113,0114,2,0120,100.00,15,고령IC-동고령IC,0,101
0120CZE220,1980.00,E,0114,0357,2,0120,100.00,16,동고령IC-고령JC,0,101
0120CZE230,9600.00,E,0357,0016,3,0120,100.00,17,고령JC-옥포JC,0,101
0120CZS090,3000.00,S,0348,0197,3,0120,100.00,17,담양JC-고서JC,0,101
0120CZS100,3740.00,S,0200,0348,2,0120,100.00,16,담양IC-담양JC,0,101
0120CZS110,18200.00,S,0176,0200,2,0120,100.00,15,순창IC-담양IC,0,101
0120CZS120,17560.00,S,0539,0176,2,0120,100.00,14,남원JC-순창IC,0,101
0120CZS125,9040.00,S,0177,0539,2,0120,100.00,13,남원IC-남원JC,0,101
0120CZS130,9500.00,S,0173,0177,2,0120,100.00,12,동남원IC~남원IC,0,101
0120CZS140,11500.00,S,0179,0173,2,0120,100.00,11,지리산IC~동남원IC,0,101
0120CZS150,14080.00,S,1013,0179,2,0120,100.00,10,서함양IC-지리산IC,0,101
0120CZS155,3730.00,S,0161,1013,2,0120,100.00,9,함양IC-서함양IC,0,101
0120CZS160,1880.00,S,0162,0161,2,0120,100.00,8,함양JC-함양IC,0,101
0120CZS170,24170.00,S,0165,0162,2,0120,100.00,7,거창IC-함양JC,0,101
0120CZS180,10600.00,S,0166,0165,2,0120,100.00,6,가조IC-거창IC,0,101
0120CZS190,14800.00,S,0167,0166,2,0120,100.00,5,해인사IC-가조IC,0,101
0120CZS200,6400.00,S,0113,0167,2,0120,100.00,4,고령IC-해인사IC,0,101
0120CZS210,12620.00,S,0114,0113,2,0120,100.00,3,동고령IC-고령IC,0,101
0120CZS220,1980.00,S,0357,0114,2,0120,100.00,2,고령JC-동고령IC,0,101
0120CZS230,9600.00,S,0016,0357,3,0120,100.00,1,옥포JC-고령JC,0,101
0121CZE010,3280.00,E,0361,0379,2,0121,100.00,1,무안공항IC-북무안IC,0,101
0121CZE020,5920.00,E,0379,0377,2,0121,100.00,2,북무안IC-함평JC,0,101
0121CZE030,5680.00,E,0377,0359,2,0121,100.00,3,함평JC-동함평IC,0,101
0121CZE040,5200.00,E,0359,0376,2,0121,100.00,4,동함평IC-문평IC,0,101
0121CZE050,9900.00,E,0376,0360,2,0121,100.00,5,문평IC-나주IC,0,101
0121CZE060,4000.00,E,0360,0469,2,0121,100.00,6,나주IC-서광산IC,0,101
0121CZE070,2900.00,E,0469,0470,2,0121,100.00,7,서광산IC-동광산TG,0,101
0121CZE080,4090.00,E,0470,0471,2,0121,100.00,8,동광산TG-운수IC,0,101
0121CZS010,3280.00,S,0379,0361,2,0121,100.00,8,북무안IC-무안공항IC,0,101
0121CZS020,5920.00,S,0377,0379,2,0121,100.00,7,함평JC-북무안IC,0,101
0121CZS030,5680.00,S,0359,0377,2,0121,100.00,6,동함평IC-함평JC,0,101
0121CZS040,5200.00,S,0376,0359,2,0121,100.00,5,문평IC-동함평IC,0,101
0121CZS050,9900.00,S,0360,0376,2,0121,100.00,4,나주IC-문평IC,0,101
0121CZS060,4000.00,S,0469,0360,2,0121,100.00,3,서광산IC-나주IC,0,101
0121CZS070,2900.00,S,0470,0469,2,0121,100.00,2,동광산TG-서광산IC,0,101
0121CZS080,4090.00,S,0471,0470,2,0121,100.00,1,운수IC-동광산TG,0,101
0140CZE010,3000.00,E,0373,0468,2,0140,100.00,1,고창JC-남고창IC,0,101
0140CZE020,9600.00,E,0468,0374,2,0140,100.00,2,남고창IC-장성물류IC,0,101
0140CZE030,4520.00,E,0374,0375,2,0140,100.00,3,장성물류IC-장성JC,0,101
0140CZE040,11810.00,E,0375,0380,2,0140,100.00,4,장성JC-북광주IC,0,101
0140CZE050,7310.00,E,0380,0348,2,0140,100.00,5,북광주IC-담양JC,0,101
0140CZE060,6060.00,E,0348,0347,2,0140,100.00,6,담양JC-대덕JC,0,101
0140CZS010,3000.00,S,0468,0373,2,0140,100.00,6,남고창IC-고창JC,0,101
0140CZS020,9600.00,S,0374,0468,2,0140,100.00,5,장성물류IC-남고창IC,0,101
0140CZS030,4520.00,S,0375,0374,2,0140,100.00,4,장성JC-장성물류IC,0,101
0140CZS040,11810.00,S,0380,0375,2,0140,100.00,3,북광주IC-장성JC,0,101
0140CZS050,7310.00,S,0348,0380,2,0140,100.00,2,담양JC-북광주IC,0,101
0140CZS060,6060.00,S,0347,0348,2,0140,100.00,1,대덕JC-담양JC,0,101
0141CZE200,20540.00,E,1025,1026,2,0141,100.00,1,밀양JC-배내골IC,0,101
0141CZE210,9080.00,E,1026,1027,2,0141,100.00,2,배내골IC-서울주JC,0,101
0141CZE220,14630.00,E,1027,1028,2,0141,100.00,3,서울주JC-울주JC,0,101
0141CZS200,20540.00,S,1026,1025,2,0141,100.00,3,배내골IC-밀양JC,0,101
0141CZS210,9080.00,S,1027,1026,2,0141,100.00,2,서울주JC-배내골IC,0,101
0141CZS220,14630.00,S,1028,1027,2,0141,100.00,1,울주JCT-서울주JC,0,101
0150CZE005,260.00,E,0492,0192,2,0150,110.00,1,서해안선시점-목포IC,0,101
0150CZE010,6000.00,E,0192,0193,2,0150,110.00,2,목포IC-일로IC,0,101
0150CZE020,1040.00,E,0193,0208,2,0150,110.00,3,일로IC-목포TG,0,101
0150CZE030,16240.00,E,0208,0194,2,0150,110.00,4,목포TG-무안IC,0,101
0150CZE040,2460.00,E,0194,0377,2,0150,110.00,5,무안IC-함평JC,0,101
0150CZE050,7810.00,E,0377,0195,2,0150,110.00,6,함평JC-함평IC,0,101
0150CZE060,24330.00,E,0195,0201,2,0150,110.00,7,함평IC-영광IC,0,101
0150CZE070,14790.00,E,0201,0373,2,0150,110.00,8,영광IC-고창JC,0,101
0150CZE080,4010.00,E,0373,0178,2,0150,110.00,9,고창JC-고창IC,0,101
0150CZE090,7910.00,E,0178,0180,2,0150,110.00,10,고창IC-선운산IC,0,101
0150CZE100,9870.00,E,0180,0230,2,0150,110.00,11,선운산IC-줄포IC,0,101
0150CZE110,16180.00,E,0230,0183,2,0150,110.00,12,줄포IC-부안IC,0,101
0150CZE120,13930.00,E,0183,0187,2,0150,110.00,13,부안IC-서김제IC,0,101
0150CZE130,12550.00,E,0187,0205,2,0150,110.00,14,서김제IC-동군산IC,0,101
0150CZE140,8400.00,E,0205,0206,2,0150,110.00,15,동군산IC-군산IC,0,101
0150CZE150,6220.00,E,0206,0417,2,0150,110.00,16,군산IC-동서천JC,0,101
0150CZE160,8990.00,E,0417,0169,2,0150,110.00,17,동서천JC-서천IC,0,101
0150CZE170,11910.00,E,0169,0088,2,0150,110.00,18,서천IC-춘장대IC,0,101
0150CZE180,8710.00,E,0088,0086,2,0150,110.00,19,춘장대IC-무창포IC,0,101
0150CZE190,11990.00,E,0086,0092,2,0150,110.00,20,무창포IC-대천IC,0,101
0150CZE200,19720.00,E,0092,0094,2,0150,110.00,21,대천IC-광천IC,0,101
0150CZE210,10800.00,E,0094,0045,2,0150,110.00,22,광천IC-홍성IC,0,101
0150CZE220,13680.00,E,0045,0047,2,0150,110.00,23,홍성IC-해미IC,0,101
0150CZE230,10720.00,E,0047,0051,2,0150,110.00,24,해미IC-서산IC,0,101
0150CZE240,6580.00,E,0051,0053,2,0150,110.00,25,서산IC-당진JC,0,101
0150CZE250,9370.00,E,0053,0054,3,0150,110.00,26,당진JC-당진IC,0,101
0150CZE260,8070.00,E,0054,0055,3,0150,110.00,27,당진IC-송악IC,0,101
0150CZE270,12640.00,E,0055,0299,3,0150,110.00,28,송악IC-서평택IC,0,101
0150CZE280,6530.00,E,0299,0303,3,0150,110.00,29,서평택IC-서평택JC,0,101
0150CZE290,7820.00,E,0303,0245,3,0150,110.00,30,서평택JC-발안IC,0,101
0150CZE300,13620.00,E,0245,0240,3,0150,110.00,31,발안IC-비봉IC,0,101
0150CZE310,4020.00,E,0240,0259,3,0150,110.00,32,비봉IC-매송IC,0,101
0150CZE315,3800.00,E,0259,0490,3,0150,100.00,33,매송IC-팔곡JC,0,101
0150CZE320,5120.00,E,0490,0319,3,0150,100.00,34,팔곡JC-안산JC,0,101
0150CZE330,1410.00,E,0319,0330,3,0150,100.00,35,안산JC-서서울TG,0,101
0150CZE340,1480.00,E,0330,0316,3,0150,100.00,36,서서울TG-조남JC,0,101
0150CZE350,3160.00,E,0316,0315,3,0150,100.00,37,조남JC-목감IC,0,101
0150CZE360,1150.00,E,0315,0278,4,0150,100.00,38,목감IC-광명역IC,0,101
0150CZE370,2670.00,E,0278,0324,4,0150,100.00,39,광명역IC-일직JC,0,101
0150CZE380,4200.00,E,0324,0231,2,0150,100.00,40,일직JC-금천IC,0,101
0150CZE390,440.00,E,0231,0493,2,0150,100.00,41,금천IC-서해안선종점,0,101
0150CZS005,260.00,S,0192,0492,2,0150,110.00,41,목포IC-서해안선시점,0,101
0150CZS010,6000.00,S,0193,0192,2,0150,110.00,40,일로IC-목포IC,0,101
0150CZS020,1040.00,S,0208,0193,2,0150,110.00,39,목포TG-일로IC,0,101
0150CZS030,16240.00,S,0194,0208,2,0150,110.00,38,무안IC-목포TG,0,101
0150CZS040,2460.00,S,0377,0194,2,0150,110.00,37,함평JC-무안IC,0,101
0150CZS050,7810.00,S,0195,0377,2,0150,110.00,36,함평IC-함평JC,0,101
0150CZS060,24330.00,S,0201,0195,2,0150,110.00,35,영광IC-함평IC,0,101
0150CZS070,14790.00,S,0373,0201,2,0150,110.00,34,고창JC-영광IC,0,101
0150CZS080,4010.00,S,0178,0373,2,0150,110.00,33,고창IC-고창JC,0,101
0150CZS090,7910.00,S,0180,0178,2,0150,110.00,32,선운산IC-고창IC,0,101
0150CZS100,9870.00,S,0230,0180,2,0150,110.00,31,줄포IC-선운산IC,0,101
0150CZS110,16180.00,S,0183,0230,2,0150,110.00,30,부안IC-줄포IC,0,101
0150CZS120,13930.00,S,0187,0183,2,0150,110.00,29,서김제IC-부안IC,0,101
0150CZS130,12550.00,S,0205,0187,2,0150,110.00,28,동군산IC-서김제IC,0,101
0150CZS140,8400.00,S,0206,0205,2,0150,110.00,27,군산IC-동군산IC,0,101
0150CZS150,6220.00,S,0417,0206,2,0150,110.00,26,동서천JC-군산IC,0,101
0150CZS160,8990.00,S,0169,0417,2,0150,110.00,25,서천IC-동서천JC,0,101
0150CZS170,11910.00,S,0088,0169,2,0150,110.00,24,춘장대IC-서천IC,0,101
0150CZS180,8710.00,S,0086,0088,2,0150,110.00,23,무창포IC-춘장대IC,0,101
0150CZS190,11990.00,S,0092,0086,2,0150,110.00,22,대천IC-무창포IC,0,101
0150CZS200,19720.00,S,0094,0092,2,0150,110.00,21,광천IC-대천IC,0,101
0150CZS210,10800.00,S,0045,0094,2,0150,110.00,20,홍성IC-광천IC,0,101
0150CZS220,13680.00,S,0047,0045,2,0150,110.00,19,해미IC-홍성IC,0,101
0150CZS230,10720.00,S,0051,0047,2,0150,110.00,18,서산IC-해미IC,0,101
0150CZS240,6580.00,S,0053,0051,2,0150,110.00,17,당진JC-서산IC,0,101
0150CZS250,9370.00,S,0054,0053,3,0150,110.00,16,당진IC-당진JC,0,101
0150CZS260,8070.00,S,0055,0054,3,0150,110.00,15,송악IC-당진IC,0,101
0150CZS270,12640.00,S,0299,0055,3,0150,110.00,14,서평택IC-송악IC,0,101
0150CZS280,6530.00,S,0303,0299,3,0150,110.00,13,서평택JC-서평택IC,0,101
0150CZS290,7820.00,S,0245,0303,3,0150,110.00,12,발안IC-서평택JC,0,101
0150CZS300,13620.00,S,0240,0245,3,0150,110.00,11,비봉IC-발안IC,0,101
0150CZS310,4020.00,S,0259,0240,3,0150,110.00,10,매송IC-비봉IC,0,101
0150CZS315,3800.00,S,0490,0259,3,0150,100.00,9,팔곡JC-매송IC,0,101
0150CZS320,5120.00,S,0319,0490,3,0150,100.00,8,안산JC-팔곡JC,0,101
0150CZS330,1410.00,S,0330,0319,3,0150,100.00,7,서서울TG-안산JC,0,101
0150CZS340,1480.00,S,0316,0330,3,0150,100.00,6,조남JC-서서울TG,0,101
0150CZS350,3160.00,S,0315,0316,3,0150,100.00,5,목감IC-조남JC,0,101
0150CZS360,1150.00,S,0278,0315,4,0150,100.00,4,광명역IC-목감IC,0,101
0150CZS370,2670.00,S,0324,0278,4,0150,100.00,3,일직JC-광명역IC,0,101
0150CZS380,4200.00,S,0231,0324,2,0150,100.00,2,금천IC-일직JC,0,101
0150CZS390,440.00,S,0493,0231,2,0150,100.00,1,서해안선종점-금천IC,0,101
0153CZE010,10700.00,E,0303,0566,2,0153,100.00,1,서평택JC-조암IC,0,109
0153CZE020,11600.00,E,0566,0567,2,0153,100.00,2,조암IC-송산마도IC,0,109
0153CZE030,13900.00,E,0567,0568,2,0153,100.00,3,송산마도IC-남안산IC,0,109
0153CZE040,3800.00,E,0568,0569,2,0153,100.00,4,남안산IC-군자JC,0,109
0153CZS010,10700.00,S,0566,0303,2,0153,100.00,4,조암IC-서평택JC,0,109
0153CZS020,11600.00,S,0567,0566,2,0153,100.00,3,송산마도IC-조암IC,0,109
0153CZS030,13900.00,S,0568,0567,2,0153,100.00,2,남안산IC-송산마도IC,0,109
0153CZS040,3800.00,S,0569,0568,2,0153,100.00,1,군자JC-남안산IC,0,109
0160CZE010,12000.00,E,0204,0405,2,0160,100.00,1,언양JC-울산JCT,0,101
0160CZE020,800.00,E,0405,0443,2,0160,100.00,2,울산JCT-울산TG,0,101
0160CZE030,200.00,E,0443,0444,2,0160,100.00,3,울산TG-울산IC,0,101
0160CZS010,12000.00,S,0405,0204,2,0160,100.00,3,울산JCT-언양JC,0,101
0160CZS020,800.00,S,0443,0405,2,0160,100.00,2,울산TG-울산JCT,0,101
0160CZS030,200.00,S,0444,0443,2,0160,100.00,1,울산IC-울산TG,0,101
0170CZE010,2600.00,E,0427,0433,3,0170,100.00,1,오성IC-평택JC,0,108
0170CZE020,2740.00,E,0433,0429,3,0170,100.00,2,평택JC-어연IC,0,108
0170CZE030,1060.00,E,0429,0465,3,0170,100.00,3,어연IC-북평택TG,0,108
0170CZE040,7350.00,E,0465,0430,3,0170,100.00,4,북평택TG-향남IC,0,108
0170CZE050,5340.00,E,0430,0431,3,0170,100.00,5,향남IC-서오산JC,0,108
0170CZE060,2730.00,E,0431,0425,3,0170,100.00,6,서오산JC-정남IC,0,108
0170CZE070,3180.00,E,0425,0473,3,0170,100.00,7,정남IC-봉담TG,0,108
0170CZE080,2630.00,E,0473,0424,3,0170,100.00,8,봉담TG-봉담IC,0,108
0170CZE110,6300.00,E,0424,0585,2,0170,100.00,9,봉담IC-금곡IC,0,108
0170CZE120,1700.00,E,0585,0586,3,0170,100.00,10,금곡IC-동안산IC,0,108
0170CZE130,2600.00,E,0586,0587,3,0170,100.00,11,동안산IC-남군포IC,0,108
0170CZE140,9400.00,E,0587,0588,3,0170,100.00,12,남군포IC-동시흥JC,0,108
0170CZE150,12400.00,E,0588,0589,3,0170,100.00,13,동시흥JC-남광명JC,0,108
0170CZE160,4800.00,E,0589,0590,2,0170,100.00,14,남광명JC-소하IC,0,108
0170CZS010,2600.00,S,0433,0427,3,0170,100.00,14,평택JC-오성IC,0,108
0170CZS020,2740.00,S,0429,0433,3,0170,100.00,13,어연IC-평택JC,0,108
0170CZS030,1060.00,S,0465,0429,3,0170,100.00,12,북평택TG-어연IC,0,108
0170CZS040,7350.00,S,0430,0465,3,0170,100.00,11,향남IC-북평택TG,0,108
0170CZS050,5340.00,S,0431,0430,3,0170,100.00,10,서오산JC-향남IC,0,108
0170CZS060,2730.00,S,0425,0431,3,0170,100.00,9,정남IC-서오산JC,0,108
0170CZS070,3180.00,S,0473,0425,3,0170,100.00,8,봉담TG-정남IC,0,108
0170CZS080,2630.00,S,0424,0473,3,0170,100.00,7,봉담IC-봉담TG,0,108
0170CZS110,6300.00,S,0585,0424,2,0170,100.00,6,금곡IC-봉담IC,0,108
0170CZS120,1700.00,S,0586,0585,3,0170,100.00,5,동안산IC-금곡IC,0,108
0170CZS130,2600.00,S,0587,0586,3,0170,100.00,4,남군포IC-동안산IC,0,108
0170CZS140,9400.00,S,0588,0587,3,0170,100.00,3,동시흥JC-남군포IC,0,108
0170CZS150,12400.00,S,0589,0588,3,0170,100.00,2,남광명JC-동시흥JC,0,108
0170CZS160,4800.00,S,0590,0589,2,0170,100.00,1,소하IC-남광명JC,0,108
0171CZE010,6610.00,E,0431,0474,3,0171,100.00,1,서오산JC-서오산TG,0,109
0171CZE020,350.00,E,0474,0434,3,0171,100.00,2,서오산TG-안녕IC,0,109
0171CZS010,6610.00,S,0474,0431,3,0171,100.00,2,서오산TG-서오산JC,0,109
0171CZS020,350.00,S,0434,0474,3,0171,101.00,1,안녕IC-서오산TG,0,109
0172CZE010,1900.00,E,1014,1015,2,0172,100.00,1,행주산성JC-봉대산JC,0,109
0172CZE020,1700.00,E,1015,1016,3,0172,100.00,2,봉대산JC-흥도IC,0,109
0172CZE030,5600.00,E,1016,1017,3,0172,100.00,3,흥도IC-고양JC,0,109
0172CZE040,2800.00,E,1017,1018,3,0172,100.00,4,고양JC-사리현IC,0,109
0172CZE050,5550.00,E,1018,1019,3,0172,100.00,5,사리현IC-북고양IC,0,109
0172CZE060,3550.00,E,1019,1020,2,0172,100.00,6,북고양IC-금촌IC,0,109
0172CZE070,5300.00,E,1020,1021,2,0172,100.00,7,금촌IC-월롱IC,0,109
0172CZE080,3800.00,E,1021,1022,2,0172,100.00,8,월롱IC-산단IC,0,109
0172CZE090,2700.00,E,1022,1023,1,0172,100.00,9,산단IC-내포IC,0,109
0172CZS010,1900.00,S,1015,1014,2,0172,100.00,1,봉대산JC-행주산성JC,0,109
0172CZS020,1700.00,S,1016,1015,3,0172,100.00,2,흥도IC-봉대산JC,0,109
0172CZS030,5600.00,S,1017,1016,3,0172,100.00,3,고양JC-흥도IC,0,109
0172CZS040,2800.00,S,1018,1017,3,0172,100.00,4,사리현IC-고양JC,0,109
0172CZS050,5550.00,S,1019,1018,3,0172,100.00,5,북고양IC-사리현IC,0,109
0172CZS060,3550.00,S,1020,1019,2,0172,100.00,6,금촌IC-북고양IC,0,109
0172CZS070,5300.00,S,1021,1020,2,0172,100.00,7,월롱IC-금촌IC,0,109
0172CZS080,3800.00,S,1022,1021,2,0172,100.00,8,산단IC-월롱IC,0,109
0172CZS090,2700.00,S,1023,1022,1,0172,100.00,9,내포IC-산단IC,0,109
0173CZE010,2650.00,E,1024,1015,2,0173,80.00,1,남고양IC-봉대산JC,0,109
0173CZS010,2650.00,S,1015,1024,2,0173,80.00,1,봉대산JC-남고양IC,0,109
0200CZE050,20.00,E,0504,0018,2,0200,100.00,1,팔공산IC-도동JC,0,101
0200CZE060,17980.00,E,0018,0112,2,0200,100.00,2,도동JC-청통와촌IC,0,101
0200CZE070,8510.00,E,0112,1008,2,0200,100.00,3,청통와촌-화산JC,0,101
0200CZE075,2060.00,E,1008,0111,2,0200,100.00,4,화산JC-북영천IC,0,101
0200CZE080,9130.00,E,0111,0682,3,0200,100.00,5,북영천IC-임고Hi,0,101
0200CZE085,21660.00,E,0682,0110,3,0200,100.00,6,임고Hi-서포항IC,0,101
0200CZE090,9720.00,E,0110,0119,2,0200,100.00,7,서포항IC-포항IC,0,101
0200CZS050,20.00,S,0018,0504,2,0200,100.00,7,도동JC-팔공산IC,0,101
0200CZS060,17980.00,S,0112,0018,2,0200,100.00,6,청통와촌IC-도동JC,0,101
0200CZS070,8510.00,S,1008,0112,2,0200,100.00,5,화산JC-청통와촌,0,101
0200CZS075,2060.00,S,0111,1008,2,0200,100.00,4,북영천IC-화산JC,0,101
0200CZS080,9130.00,S,0682,0111,3,0200,100.00,3,임고Hi-북영천IC,0,101
0200CZS085,21660.00,S,0110,0682,3,0200,100.00,2,서포항IC-임고Hi,0,101
0200CZS090,9720.00,S,0119,0110,2,0200,100.00,1,포항IC-서포항IC,0,101
0201CZE010,7600.00,E,0370,0371,2,0201,100.00,1,익산JC-완주IC,0,101
0201CZE020,2700.00,E,0371,0545,2,0201,100.00,2,완주IC-완주JC,0,101
0201CZE025,6220.00,E,0545,0372,2,0201,100.00,3,완주JC-소양IC,0,101
0201CZE030,26610.00,E,0372,0358,2,0201,100.00,4,소양IC-진안IC,0,101
0201CZE040,15790.00,E,0358,0352,2,0201,100.00,5,진안IC-장수IC,0,101
0201CZE050,1980.00,E,0352,0184,2,0201,100.00,6,장수IC-장수JC,0,101
0201CZS010,7600.00,S,0371,0370,2,0201,100.00,6,완주IC-익산JC,0,101
0201CZS020,2700.00,S,0545,0371,2,0201,100.00,5,완주JC-완주IC,0,101
0201CZS025,6220.00,S,0372,0545,2,0201,100.00,4,소양IC-완주JC,0,101
0201CZS030,26610.00,S,0358,0372,2,0201,100.00,3,진안IC-소양IC,0,101
0201CZS040,15790.00,S,0352,0358,2,0201,100.00,2,장수IC-진안IC,0,101
0201CZS050,1980.00,S,0184,0352,2,0201,100.00,1,장수JC-장수IC,0,101
0251CZE010,10010.00,E,0222,0224,2,0251,100.00,1,서순천IC-승주IC,0,101
0251CZE020,11810.00,E,0224,0223,2,0251,100.00,2,승주IC-주암IC,0,101
0251CZE030,7420.00,E,0223,0226,2,0251,100.00,3,주암IC-석곡IC,0,101
0251CZE040,12070.00,E,0226,0196,2,0251,100.00,4,석곡IC-곡성IC,0,101
0251CZE050,11430.00,E,0196,0199,2,0251,100.00,5,곡성IC-옥과IC,0,101
0251CZE060,7660.00,E,0199,0347,2,0251,100.00,6,옥과IC-대덕JC,0,101
0251CZE070,3800.00,E,0347,0198,2,0251,100.00,7,대덕JC-창평IC,0,101
0251CZE080,4120.00,E,0198,0197,2,0251,100.00,8,창평IC-고서JC,0,101
0251CZE090,2980.00,E,0197,0228,2,0251,100.00,9,고서JC-동광주TG,0,101
0251CZE100,1700.00,E,0228,0451,2,0251,100.00,10,동광주TG-문흥JC,0,101
0251CZE110,1210.00,E,0451,0218,2,0251,100.00,11,문흥JC-동광주IC,0,101
0251CZE120,2820.00,E,0218,0217,2,0251,100.00,12,동광주IC-용봉IC,0,101
0251CZE130,1330.00,E,0217,0216,2,0251,100.00,13,용봉IC-서광주IC,0,101
0251CZE140,2250.00,E,0216,0219,2,0251,100.00,14,서광주IC-동림IC,0,101
0251CZE150,2390.00,E,0219,0452,2,0251,100.00,15,동림IC-산월IC,0,101
0251CZE160,1960.00,E,0452,0220,2,0251,100.00,16,산월IC-광산IC,0,101
0251CZE170,2000.00,E,0220,0608,2,0251,100.00,17,광산IC-북광산IC,0,101
0251CZE175,1220.00,E,0608,0225,2,0251,100.00,18,북광산IC-광주TG,0,101
0251CZE180,5480.00,E,0225,0191,2,0251,100.00,19,광주TG-장성IC,0,101
0251CZE190,5340.00,E,0191,0375,2,0251,100.00,20,장성IC-장성JC,0,101
0251CZE200,12060.00,E,0375,0202,2,0251,100.00,21,장성JC-백양사IC,0,101
0251CZE210,9190.00,E,0202,0175,2,0251,100.00,22,백양사IC-내장산IC,0,101
0251CZE220,8460.00,E,0175,0181,2,0251,100.00,23,내장산IC-정읍IC,0,101
0251CZE230,12840.00,E,0181,0182,2,0251,100.00,24,정읍IC-태인IC,0,101
0251CZE240,10550.00,E,0182,0185,2,0251,100.00,25,태인IC-금산사IC,0,101
0251CZE250,4700.00,E,0185,0186,2,0251,100.00,26,금산사IC-김제IC,0,101
0251CZE260,6600.00,E,0186,0190,2,0251,100.00,27,김제IC-서전주IC,0,101
0251CZE270,6040.00,E,0190,0207,2,0251,100.00,28,서전주IC-전주IC,0,101
0251CZE280,6030.00,E,0207,0382,2,0251,100.00,29,전주IC-삼례IC,0,101
0251CZE290,2330.00,E,0382,0370,2,0251,100.00,30,삼례IC-익산JC,0,101
0251CZE300,6000.00,E,0370,0189,2,0251,100.00,31,익산JC-익산IC,0,101
0251CZE310,10420.00,E,0189,0170,2,0251,100.00,32,익산IC-논산JC,0,101
0251CZS010,10010.00,S,0224,0222,2,0251,100.00,32,승주IC-서순천IC,0,101
0251CZS020,11810.00,S,0223,0224,2,0251,100.00,31,주암IC-승주IC,0,101
0251CZS030,7420.00,S,0226,0223,2,0251,100.00,30,석곡IC-주암IC,0,101
0251CZS040,12070.00,S,0196,0226,2,0251,100.00,29,곡성IC-석곡IC,0,101
0251CZS050,11430.00,S,0199,0196,2,0251,100.00,28,옥과IC-곡성IC,0,101
0251CZS060,7660.00,S,0347,0199,2,0251,100.00,27,대덕JC-옥과IC,0,101
0251CZS070,3800.00,S,0198,0347,2,0251,100.00,26,창평IC-대덕JC,0,101
0251CZS080,4120.00,S,0197,0198,2,0251,100.00,25,고서JC-창평IC,0,101
0251CZS090,2980.00,S,0228,0197,2,0251,100.00,24,동광주TG-고서JC,0,101
0251CZS100,1700.00,S,0451,0228,2,0251,100.00,23,문흥JC-동광주TG,0,101
0251CZS110,1210.00,S,0218,0451,2,0251,100.00,22,동광주IC-문흥JC,0,101
0251CZS120,2820.00,S,0217,0218,2,0251,100.00,21,용봉IC-동광주IC,0,101
0251CZS130,1330.00,S,0216,0217,2,0251,100.00,20,서광주IC-용봉IC,0,101
0251CZS140,2250.00,S,0219,0216,2,0251,100.00,19,동림IC-서광주IC,0,101
0251CZS150,2390.00,S,0452,0219,2,0251,100.00,18,산월IC-동림IC,0,101
0251CZS160,1960.00,S,0220,0452,2,0251,100.00,17,광산IC-산월IC,0,101
0251CZS170,2000.00,S,0608,0220,2,0251,100.00,16,북광산IC-광산IC,0,101
0251CZS175,1220.00,S,0225,0608,2,0251,100.00,15,광주TG-북광산IC,0,101
0251CZS180,5480.00,S,0191,0225,2,0251,100.00,14,장성IC-광주TG,0,101
0251CZS190,5340.00,S,0375,0191,2,0251,100.00,13,장성JC-장성IC,0,101
0251CZS200,12060.00,S,0202,0375,2,0251,100.00,12,백양사IC-장성JC,0,101
0251CZS210,9190.00,S,0175,0202,2,0251,100.00,11,내장산IC-백양사IC,0,101
0251CZS220,8460.00,S,0181,0175,2,0251,100.00,10,정읍IC-내장산IC,0,101
0251CZS230,12840.00,S,0182,0181,2,0251,100.00,9,태인IC-정읍IC,0,101
0251CZS240,10550.00,S,0185,0182,2,0251,100.00,8,금산사IC-태인IC,0,101
0251CZS250,4700.00,S,0186,0185,2,0251,100.00,7,김제IC-금산사IC,0,101
0251CZS260,6600.00,S,0190,0186,2,0251,100.00,6,서전주IC-김제IC,0,101
0251CZS270,6040.00,S,0207,0190,2,0251,100.00,5,전주IC-서전주IC,0,101
0251CZS280,6030.00,S,0382,0207,2,0251,100.00,4,삼례IC-전주IC,0,101
0251CZS290,2330.00,S,0370,0382,2,0251,100.00,3,익산JC-삼례IC,0,101
0251CZS300,6000.00,S,0189,0370,2,0251,100.00,2,익산IC-익산JC,0,101
0251CZS310,10420.00,S,0170,0189,2,0251,100.00,1,논산JC-익산IC,0,101
0252CZE010,8400.00,E,0170,0087,2,0252,110.00,1,논산JC-연무IC,0,109
0252CZE020,8700.00,E,0087,0090,2,0252,110.00,2,연무IC-서논산IC,0,109
0252CZE030,8500.00,E,0090,0091,2,0252,110.00,3,서논산IC-탄천IC,0,109
0252CZE040,14500.00,E,0091,0093,2,0252,110.00,4,탄천IC-남공주IC,0,109
0252CZE050,7000.00,E,0093,0422,2,0252,110.00,5,남공주IC-공주JC,0,109
0252CZE060,2100.00,E,0422,0423,2,0252,110.00,6,공주JC-북공주JC,0,109
0252CZE070,14000.00,E,0423,0046,2,0252,110.00,7,북공주JC-정안IC,0,109
0252CZE080,12300.00,E,0046,0591,2,0252,110.00,8,정안IC-남풍세IC,0,109
0252CZE085,4100.00,E,0591,0048,2,0252,110.00,9,남풍세IC-남천안IC,0,109
0252CZE090,2500.00,E,0048,0050,2,0252,110.00,10,남천안IC-천안JC,0,109
0252CZS010,8400.00,S,0087,0170,2,0252,110.00,10,연무IC-논산JC,0,109
0252CZS020,8700.00,S,0090,0087,2,0252,110.00,9,서논산IC-연무IC,0,109
0252CZS030,8500.00,S,0091,0090,2,0252,110.00,8,탄천IC-서논산IC,0,109
0252CZS040,14500.00,S,0093,0091,2,0252,110.00,7,남공주IC-탄천IC,0,109
0252CZS050,7000.00,S,0422,0093,2,0252,110.00,6,공주JC-남공주IC,0,109
0252CZS060,2100.00,S,0423,0422,2,0252,110.00,5,북공주JC-공주JC,0,109
0252CZS070,14000.00,S,0046,0423,2,0252,110.00,4,정안IC-북공주JC,0,109
0252CZS080,12300.00,S,0048,0591,2,0252,110.00,3,남풍세IC-정안IC,0,109
0252CZS085,4100.00,S,0591,0046,2,0252,110.00,2,남천안IC-남풍세IC,0,109
0252CZS090,2500.00,S,0050,0048,2,0252,110.00,1,천안JC-남천안IC,0,109
0270CZE010,510.00,E,0546,0534,2,0270,100.00,1,순천완주선시점-동순천IC,0,101
0270CZE020,5120.00,E,0534,0535,2,0270,100.00,2,동순천IC-순천JC,0,101
0270CZE030,19420.00,E,0535,0536,2,0270,100.00,3,순천JC-황천IC,0,101
0270CZE040,12760.00,E,0536,0537,2,0270,100.00,4,황천IC-구례화엄사IC,0,101
0270CZE050,14780.00,E,0537,0538,2,0270,100.00,5,구례화엄사IC-서남원IC,0,101
0270CZE060,5680.00,E,0538,0539,2,0270,100.00,6,서남원IC-남원JC,0,101
0270CZE070,3820.00,E,0539,0540,2,0270,100.00,7,남원JC-북남원IC,0,101
0270CZE080,13680.00,E,0540,0541,2,0270,100.00,8,북남원IC-오수IC,0,101
0270CZE090,9810.00,E,0541,0542,2,0270,100.00,9,오수IC-임실IC,0,101
0270CZE100,17250.00,E,0542,0543,2,0270,100.00,10,임실IC-상관IC,0,101
0270CZE110,10420.00,E,0543,0544,2,0270,100.00,11,상관IC-동전주IC,0,101
0270CZE120,4530.00,E,0544,0545,2,0270,100.00,12,동전주IC-완주JC,0,101
0270CZE130,220.00,E,0545,0547,2,0270,100.00,13,완주JC-순천완주선종점,0,101
0270CZS010,510.00,S,0534,0546,2,0270,100.00,13,동순천IC-순천완주선시점,0,101
0270CZS020,5120.00,S,0535,0534,2,0270,100.00,12,순천JC-동순천IC,0,101
0270CZS030,19420.00,S,0536,0535,2,0270,100.00,11,황천IC-순천JC,0,101
0270CZS040,12760.00,S,0537,0536,2,0270,100.00,10,구례화엄사-황천IC,0,101
0270CZS050,14780.00,S,0538,0537,2,0270,100.00,9,서남원IC-구례화엄사IC,0,101
0270CZS060,5680.00,S,0539,0538,2,0270,100.00,8,남원JC-서남원IC,0,101
0270CZS070,3820.00,S,0540,0539,2,0270,100.00,7,북남원IC-남원JC,0,101
0270CZS080,13680.00,S,0541,0540,2,0270,100.00,6,오수IC-북남원IC,0,101
0270CZS090,9810.00,S,0542,0541,2,0270,100.00,5,임실IC-오수IC,0,101
0270CZS100,17250.00,S,0543,0542,2,0270,100.00,4,상관IC-임실IC,0,101
0270CZS110,10420.00,S,0544,0543,2,0270,100.00,3,동전주IC-상관IC,0,101
0270CZS120,4530.00,S,0545,0544,2,0270,100.00,2,완주JC-동전주IC,0,101
0270CZS130,220.00,S,0547,0545,2,0270,100.00,1,순천완주선종점-완주JC,0,101
0290CZE010,5480.00,E,0636,0637,3,0290,100.00,1,남구리IC-중랑IC,0,109
0290CZE020,7070.00,E,0637,0638,3,0290,100.00,2,중랑IC-남별내IC,0,109
0290CZE030,6310.00,E,0638,0639,3,0290,100.00,3,남별내IC-동의정부IC,0,109
0290CZE040,3310.00,E,0639,0640,3,0290,100.00,4,동의정부IC-민락IC,0,109
0290CZE050,5480.00,E,0640,0641,3,0290,100.00,5,민락IC-소흘IC,0,109
0290CZE060,2870.00,E,0641,0642,3,0290,100.00,6,소흘IC-소흘JC,0,109
0290CZE070,4310.00,E,0642,0643,2,0290,100.00,7,소흘JC-선단IC,0,109
0290CZE080,5470.00,E,0643,0644,2,0290,100.00,8,선단IC-포천IC,0,109
0290CZE090,4300.00,E,0644,0645,2,0290,100.00,9,포천IC-신북IC,0,109
0290CZS010,5480.00,S,0637,0636,3,0290,100.00,9,중랑IC-남구리IC,0,109
0290CZS020,7070.00,S,0638,0637,3,0290,100.00,8,남별내IC-중랑IC,0,109
0290CZS030,6310.00,S,0639,0638,3,0290,100.00,7,동의정부IC-남별내IC,0,109
0290CZS040,3310.00,S,0640,0639,3,0290,100.00,6,민락IC-동의정부IC,0,109
0290CZS050,5480.00,S,0641,0640,3,0290,100.00,5,소흘IC-민락IC,0,109
0290CZS060,2870.00,S,0642,0641,3,0290,100.00,4,소흘JC-소흘IC,0,109
0290CZS070,4310.00,S,0643,0642,2,0290,100.00,3,선단IC-소흘JC,0,109
0290CZS080,5470.00,S,0644,0643,2,0290,100.00,2,포천IC-선단IC,0,109
0290CZS090,4300.00,S,0645,0644,2,0290,100.00,1,신북IC-포천IC,0,109
0300CZE130,8100.00,E,0362,0363,2,0300,110.00,1,청주JC-문의IC,0,101
0300CZE140,10700.00,E,0363,0364,2,0300,110.00,2,문의IC-회인IC,0,101
0300CZE150,10800.00,E,0364,0365,2,0300,110.00,3,회인IC-보은IC,0,101
0300CZE160,6000.00,E,0365,0366,2,0300,110.00,4,보은IC-속리산IC,0,101
0300CZE170,16200.00,E,0366,0367,2,0300,110.00,5,속리산IC-화서IC,0,101
0300CZE180,19000.00,E,0367,0368,2,0300,110.00,6,화서IC-남상주IC,0,101
0300CZE190,9100.00,E,0368,0369,2,0300,110.00,7,남상주IC-낙동JC,0,101
0300CZE200,3350.00,E,0369,0610,2,0300,100.00,8,낙동JC-상주JC,0,101
0300CZE210,2010.00,E,0610,0611,2,0300,100.00,9,상주JC-동상주IC,0,101
0300CZE220,10890.00,E,0611,0612,2,0300,100.00,10,동상주IC-서의성IC,0,101
0300CZE230,20020.00,E,0612,0613,2,0300,100.00,11,서의성IC-안동JC,0,101
0300CZE240,6100.00,E,0613,0614,2,0300,100.00,12,안동JC-북의성IC,0,101
0300CZE250,19160.00,E,0614,0615,2,0300,100.00,13,북의성IC-동안동IC,0,101
0300CZE260,13150.00,E,0615,0616,2,0300,100.00,14,동안동IC-청송IC,0,101
0300CZE270,9670.00,E,0616,0617,2,0300,100.00,15,청송IC-영양IC,0,101
0300CZE280,26520.00,E,0617,0618,2,0300,100.00,16,동청송영양IC-영덕IC,0,101
0300CZE290,2040.00,E,0618,0619,2,0300,110.00,17,영덕IC-청주영덕선종점,0,101
0300CZS130,8100.00,S,0363,0362,2,0300,110.00,18,문의IC-청주JC,0,101
0300CZS140,10700.00,S,0364,0363,2,0300,110.00,17,회인IC-문의IC,0,101
0300CZS150,10800.00,S,0365,0364,2,0300,110.00,16,보은IC-회인IC,0,101
0300CZS160,6000.00,S,0366,0365,2,0300,110.00,15,속리산IC-보은IC,0,101
0300CZS170,7700.00,S,0677,0366,2,0300,110.00,14,구병산Hi-속리산IC,0,101
0300CZS175,8500.00,S,0367,0677,2,0300,80.00,13,화서IC-구병산Hi,0,101
0300CZS180,19000.00,S,0368,0367,2,0300,110.00,12,남상주IC-화서IC,0,101
0300CZS190,9100.00,S,0369,0368,2,0300,110.00,11,낙동JC-남상주IC,0,101
0300CZS200,3350.00,S,0610,0369,2,0300,100.00,10,상주JC-낙동JC,0,101
0300CZS210,2010.00,S,0611,0610,2,0300,100.00,9,동상주IC-상주JC,0,101
0300CZS220,10890.00,S,0612,0611,2,0300,100.00,8,서의성IC-동상주IC,0,101
0300CZS230,20020.00,S,0613,0612,2,0300,100.00,7,안동JC-서의성IC,0,101
0300CZS240,6100.00,S,0614,0613,2,0300,100.00,6,북의성IC-안동JC,0,101
0300CZS250,19160.00,S,0615,0614,2,0300,100.00,5,동안동IC-북의성IC,0,101
0300CZS260,13150.00,S,0616,0615,2,0300,100.00,4,청송IC-동안동IC,0,101
0300CZS270,9670.00,S,0617,0616,2,0300,100.00,3,영양IC-청송IC,0,101
0300CZS280,26520.00,S,0618,0617,2,0300,100.00,2,영덕IC-동청송영양IC,0,101
0300CZS290,2040.00,S,0619,0618,2,0300,110.00,1,청주영덕선종점-영덕IC,0,101
0301CZE010,4040.00,E,0053,0407,2,0301,110.00,1,당진JC-면천IC,0,101
0301CZE020,8660.00,E,0407,0408,2,0301,110.00,2,면천IC-고덕IC,0,101
0301CZE030,11680.00,E,0408,0409,2,0301,110.00,3,고덕IC-예산수덕IC,0,101
0301CZE040,12510.00,E,0409,0410,2,0301,110.00,4,예산수덕IC-신양IC,0,101
0301CZE050,10530.00,E,0410,0411,2,0301,110.00,5,신양IC-유구IC,0,101
0301CZE060,9140.00,E,0411,0472,2,0301,110.00,6,유구IC-마곡사IC,0,101
0301CZE070,3840.00,E,0472,0412,2,0301,110.00,7,마곡사IC-서공주JC,0,101
0301CZE080,2620.00,E,0412,0422,2,0301,110.00,8,서공주JC-공주JC,0,101
0301CZE090,2880.00,E,0422,0418,2,0301,110.00,9,공주JC-공주IC,0,101
0301CZE100,6990.00,E,0418,0419,2,0301,110.00,10,공주IC-서세종IC,0,101
0301CZE110,12560.00,E,0419,0420,2,0301,110.00,11,서세종IC-남세종IC,0,101
0301CZE120,6410.00,E,0420,0421,2,0301,110.00,12,남세종IC-유성JC,0,101
0301CZS010,4040.00,S,0407,0053,2,0301,110.00,12,면천IC-당진JC,0,101
0301CZS020,8660.00,S,0408,0407,2,0301,110.00,11,고덕IC-면천IC,0,101
0301CZS030,11680.00,S,0409,0408,2,0301,110.00,10,예산수덕IC-고덕IC,0,101
0301CZS040,12510.00,S,0410,0409,2,0301,110.00,9,신양IC-예산수덕IC,0,101
0301CZS050,10530.00,S,0411,0410,2,0301,110.00,8,유구IC-신양IC,0,101
0301CZS060,9140.00,S,0472,0411,2,0301,110.00,7,마곡사IC-유구IC,0,101
0301CZS070,3840.00,S,0412,0472,2,0301,110.00,6,서공주JC-마곡사IC,0,101
0301CZS080,2620.00,S,0422,0412,2,0301,110.00,5,공주JC-서공주JC,0,101
0301CZS090,2880.00,S,0418,0422,2,0301,110.00,4,공주IC-공주JC,0,101
0301CZS100,6990.00,S,0419,0418,2,0301,110.00,3,서세종IC-공주IC,0,101
0301CZS110,12560.00,S,0420,0419,2,0301,110.00,2,남세종IC-서세종IC,0,101
0301CZS120,6410.00,S,0421,0420,2,0301,110.00,1,유성JC-남세종IC,0,101
0320CZE010,6700.00,E,0673,0674,2,0320,100.00,1,옥산JC-서오창IC,0,109
0320CZE020,4800.00,E,0674,0675,2,0320,100.00,2,서오창IC-오창JC,0,109
0320CZS010,6700.00,S,0674,0673,2,0320,100.00,2,서오창IC-옥산JC,0,109
0320CZS020,4800.00,S,0675,0674,2,0320,100.00,1,오창JC-서오창IC,0,109
0330CZE010,2000.00,E,0505,0506,,3300,90.00,1,고잔TG-정왕IC,0,109
0330CZE020,1700.00,E,0506,0313,,3300,90.00,2,정왕IC-월곶JC,0,109
0330CZE030,4300.00,E,0313,0507,,3300,90.00,3,월곶JC-연성IC,0,109
0330CZE040,2750.00,E,0507,0508,,3300,90.00,4,연성IC-물왕TG,0,109
0330CZE050,1560.00,E,0508,0459,,3300,90.00,5,물왕TG-도리JC,0,109
0330CZE060,1960.00,E,0459,0315,,3300,90.00,6,도리JC-목감IC,0,109
0330CZS010,2000.00,S,0506,0505,,3300,90.00,6,정왕IC-고잔TG,0,109
0330CZS020,1700.00,S,0313,0506,,3300,90.00,5,월곶JC-정왕IC,0,109
0330CZS030,4300.00,S,0507,0313,,3300,90.00,4,연성IC-월곶JC,0,109
0330CZS040,2750.00,S,0508,0507,,3300,90.00,3,물왕TG-연성IC,0,109
0330CZS050,1560.00,S,0459,0508,,3300,90.00,2,도리JC-물왕TG,0,109
0330CZS060,1960.00,S,0315,0459,,3300,90.00,1,목감IC-도리JC,0,109
0351CZE010,4390.00,E,0229,0334,2,0351,100.00,1,통영IC-북통영IC,0,101
0351CZE020,10170.00,E,0334,0335,2,0351,100.00,2,북통영IC-동고성IC,0,101
0351CZE030,5170.00,E,0335,0336,2,0351,100.00,3,동고성IC-고성IC,0,101
0351CZE040,17230.00,E,0336,0337,2,0351,100.00,4,고성IC-연화산IC,0,101
0351CZE050,10930.00,E,0337,0133,2,0351,100.00,5,연화산IC-진주JC,0,101
0351CZE060,7510.00,E,0133,0135,2,0351,100.00,6,진주JC-서진주IC,0,101
0351CZE070,15490.00,E,0135,0151,2,0351,100.00,7,서진주IC-단성IC,0,101
0351CZE080,18580.00,E,0151,0157,2,0351,100.00,8,단성IC-산청IC,0,101
0351CZE090,7380.00,E,0157,0159,2,0351,100.00,9,산청IC-생초IC,0,101
0351CZE100,8330.00,E,0159,0162,2,0351,100.00,10,생초IC-함양JC,0,101
0351CZE110,6430.00,E,0162,0163,2,0351,100.00,11,함양JC-지곡IC,0,101
0351CZE120,13880.00,E,0163,0164,2,0351,100.00,12,지곡IC-서상IC,0,101
0351CZE130,9600.00,E,0164,0184,2,0351,100.00,13,서상IC-장수JC,0,101
0351CZE140,14460.00,E,0184,0188,2,0351,100.00,14,장수JC-덕유산IC,0,101
0351CZE150,16030.00,E,0188,0174,2,0351,100.00,15,덕유산IC-무주IC,0,101
0351CZE160,19160.00,E,0174,0171,2,0351,100.00,16,무주IC-금산IC,0,101
0351CZE170,11260.00,E,0171,0089,2,0351,100.00,17,금산IC-추부IC,0,101
0351CZE180,8440.00,E,0089,0105,2,0351,100.00,18,추부IC-남대전IC,0,101
0351CZE190,3290.00,E,0105,0106,2,0351,100.00,19,남대전IC-산내JC,0,101
0351CZE200,4140.00,E,0106,0107,4,0351,100.00,20,산내JC-판암IC,0,101
0351CZE210,1990.00,E,0107,0108,4,0351,100.00,21,판암IC-비룡JC,0,101
0351CZS010,4390.00,S,0334,0229,2,0351,100.00,21,북통영IC-통영IC,0,101
0351CZS020,10170.00,S,0335,0334,2,0351,100.00,20,동고성IC-북통영IC,0,101
0351CZS030,5170.00,S,0336,0335,2,0351,100.00,19,고성IC-동고성IC,0,101
0351CZS040,17230.00,S,0337,0336,2,0351,100.00,18,연화산IC-고성IC,0,101
0351CZS050,10930.00,S,0133,0337,2,0351,100.00,17,진주JC-연화산IC,0,101
0351CZS060,7510.00,S,0135,0133,2,0351,100.00,16,서진주IC-진주JC,0,101
0351CZS070,15490.00,S,0151,0135,2,0351,100.00,15,단성IC-서진주IC,0,101
0351CZS080,18580.00,S,0157,0151,2,0351,100.00,14,산청IC-단성IC,0,101
0351CZS090,7380.00,S,0159,0157,2,0351,100.00,13,생초IC-산청IC,0,101
0351CZS100,8330.00,S,0162,0159,2,0351,100.00,12,함양JC-생초IC,0,101
0351CZS110,6430.00,S,0163,0162,2,0351,100.00,11,지곡IC-함양JC,0,101
0351CZS120,13880.00,S,0164,0163,2,0351,100.00,10,서상IC-지곡IC,0,101
0351CZS130,9600.00,S,0184,0164,2,0351,100.00,9,장수JC-서상IC,0,101
0351CZS140,14460.00,S,0188,0184,2,0351,100.00,8,덕유산IC-장수JC,0,101
0351CZS150,16030.00,S,0174,0188,2,0351,100.00,7,무주IC-덕유산IC,0,101
0351CZS160,19160.00,S,0171,0174,2,0351,100.00,6,금산IC-무주IC,0,101
0351CZS170,11260.00,S,0089,0171,2,0351,100.00,5,추부IC-금산IC,0,101
0351CZS180,8440.00,S,0105,0089,2,0351,100.00,4,남대전IC-추부IC,0,101
0351CZS190,3290.00,S,0106,0105,2,0351,100.00,3,산내JC-남대전IC,0,101
0351CZS200,4140.00,S,0107,0106,4,0351,100.00,2,판암IC-산내JC,0,101
0351CZS210,1990.00,S,0108,0107,4,0351,100.00,1,비룡JC-판암IC,0,101
0352CZE280,6030.00,E,0067,0065,2,0352,110.00,1,남이JC-서청주IC,0,101
0352CZE290,7460.00,E,0065,0064,2,0352,110.00,2,서청주IC-오창IC,0,101
0352CZE300,3910.00,E,0064,0675,2,0352,110.00,3,오창IC-오창JC,0,101
0352CZE305,4470.00,E,0675,0063,2,0352,110.00,4,오창JC-증평IC,0,101
0352CZE310,11930.00,E,0063,0062,2,0352,110.00,5,증평IC-진천IC,0,101
0352CZE320,8500.00,E,0062,0456,2,0352,110.00,6,진천IC-대소JC,0,101
0352CZE330,4190.00,E,0456,0060,2,0352,110.00,7,대소JC-대소IC,0,101
0352CZE340,4510.00,E,0060,0662,2,0352,110.00,8,대소IC-삼성Hi,0,101
0352CZE345,8400.00,E,0662,0246,2,0352,110.00,9,삼성Hi-일죽IC,0,101
0352CZE350,10600.00,E,0246,0584,2,0352,110.00,10,일죽IC-남이천IC,0,101
0352CZE355,6110.00,E,0584,0243,2,0352,110.00,11,남이천IC-호법JC,0,101
0352CZE360,2380.00,E,0243,0264,4,0352,110.00,12,호법JC-마장JC,0,101
0352CZE370,3310.00,E,0264,0266,2,0352,110.00,13,마장JC-서이천IC,0,101
0352CZE380,2300.00,E,0266,0678,2,0352,110.00,14,서이천IC-신둔Hi,0,101
0352CZE383,8410.00,E,0678,0257,2,0352,110.00,15,신둔Hi-곤지암,0,101
0352CZE385,4090.00,E,0257,0596,2,0352,110.00,16,곤지암IC-경기광주JC,0,101
0352CZE390,8030.00,E,0596,0255,2,0352,110.00,17,경기광주JC-경기광주IC,0,101
0352CZE400,4940.00,E,0255,0265,2,0352,110.00,18,경기광주IC-산곡JC,0,101
0352CZE410,4230.00,E,0265,0475,4,0352,110.00,19,산곡JC-동서울TG,0,101
0352CZE420,1000.00,E,0475,0260,4,0352,110.00,20,동서울TG-하남IC,0,101
0352CZE430,2390.00,E,0260,0253,4,0352,110.00,21,하남IC-하남JC,0,101
0352CZS280,6030.00,S,0065,0067,2,0352,110.00,20,서청주IC-남이JC,0,101
0352CZS290,7460.00,S,0064,0065,2,0352,110.00,19,오창IC-서청주IC,0,101
0352CZS300,3910.00,S,0675,0064,2,0352,110.00,18,오창JC-오창IC,0,101
0352CZS305,4470.00,S,0063,0675,2,0352,110.00,17,증평IC-오창JC,0,101
0352CZS310,11930.00,S,0062,0063,2,0352,110.00,16,진천IC-증평IC,0,101
0352CZS320,8500.00,S,0456,0062,2,0352,110.00,15,대소JC-진천IC,0,101
0352CZS330,4190.00,S,0060,0456,2,0352,110.00,14,대소IC-대소JC,0,101
0352CZS340,4510.00,S,0662,0060,2,0352,110.00,13,삼성Hi-대소IC,0,101
0352CZS345,8400.00,S,0246,0662,2,0352,110.00,12,일죽IC-삼성Hi,0,101
0352CZS350,10600.00,S,0584,0246,2,0352,110.00,11,남이천IC-일죽IC,0,101
0352CZS355,6110.00,S,0243,0584,2,0352,110.00,10,호법JC-남이천IC,0,101
0352CZS360,2380.00,S,0264,0243,4,0352,110.00,9,마장JC-호법JC,0,101
0352CZS370,3310.00,S,0266,0264,2,0352,110.00,8,서이천IC-마장JC,0,101
0352CZS380,10710.00,S,0257,0266,2,0352,110.00,7,곤지암IC-서이천IC,0,101
0352CZS385,4090.00,S,0596,0257,2,0352,110.00,6,경기광주JC-곤지암IC,0,101
0352CZS390,8030.00,S,0255,0596,2,0352,110.00,5,경기광주IC-경기광주JC,0,101
0352CZS400,4940.00,S,0265,0255,2,0352,110.00,4,산곡JC-경기광주IC,0,101
0352CZS410,4230.00,S,0475,0265,4,0352,110.00,3,동서울TG-산곡JC,0,101
0352CZS420,1000.00,S,0260,0475,4,0352,110.00,2,하남IC-동서울TG,0,101
0352CZS430,2390.00,S,0253,0260,4,0352,110.00,1,하남JC-하남IC,0,101
0370CZE010,3900.00,E,0264,0482,2,0370,110.00,1,마장JC-서이천IC,0,101
0370CZE020,1700.00,E,0482,0678,2,0370,110.00,2,서이천IC-신둔Hi,0,101
0370CZE023,8400.00,E,0678,0483,2,0370,80.00,3,신둔Hi-곤지암IC,0,101
0370CZE025,3600.00,E,0483,0596,2,0370,110.00,4,곤지암IC-경기광주JC,0,101
0370CZE030,3200.00,E,0596,0484,2,0370,110.00,5,경기광주JC-신월천교,0,101
0370CZE040,5300.00,E,0484,0485,2,0370,110.00,6,신월천교-천진암교,0,101
0370CZE050,4150.00,E,0485,0265,2,0370,110.00,7,천진암교-산곡JC,0,101
0370CZS010,3900.00,S,0482,0264,2,0370,110.00,6,서이천IC-마장JC,0,101
0370CZS020,10100.00,S,0483,0482,2,0370,110.00,5,곤지암IC-서이천IC,0,101
0370CZS025,3600.00,S,0596,0483,2,0370,110.00,4,경기광주JC-곤지암IC,0,101
0370CZS030,3200.00,S,0484,0596,2,0370,110.00,3,경기광주JC-신월천교,0,101
0370CZS040,5300.00,S,0485,0484,2,0370,110.00,2,천진암교-신월천교,0,101
0370CZS050,4150.00,S,0265,0485,2,0370,110.00,1,산곡JC-천진암교,0,101
0400CZE010,2800.00,E,0303,0302,3,0400,100.00,1,서평택JC-청북IC,0,101
0400CZE020,5200.00,E,0302,0433,3,0400,100.00,2,청북IC-평택JC,0,101
0400CZE030,5700.00,E,0433,0679,3,0400,100.00,3,평택JC-평택고덕IC,0,101
0400CZE035,7170.00,E,0679,0301,3,0400,100.00,4,평택고덕IC-송탄IC,0,101
0400CZE040,2830.00,E,0301,0300,4,0400,100.00,5,송탄IC-안성JC,0,101
0400CZE050,1980.00,E,0300,0261,2,0400,100.00,6,안성JC-서안성IC,0,101
0400CZE060,10210.00,E,0261,0353,2,0400,100.00,7,서안성IC-남안성IC,0,101
0400CZE070,19510.00,E,0353,0466,2,0400,100.00,8,남안성IC-북진천IC,0,101
0400CZE080,2500.00,E,0466,0456,2,0400,100.00,9,북진천IC-대소JC,0,101
0400CZE090,7200.00,E,0456,0574,2,0400,100.00,10,대소JC-금왕꽃동네IC,0,101
0400CZE095,7310.00,E,0574,0571,2,0400,100.00,11,금왕꽃동네IC-음성IC,0,101
0400CZE100,5400.00,E,0571,0572,2,0400,100.00,12,음성IC-서충주IC,0,101
0400CZE110,7680.00,E,0572,0573,2,0400,100.00,13,서충주IC-충주JC,0,101
0400CZE120,5370.00,E,0573,0575,2,0400,100.00,14,충주JC-노은JC,0,101
0400CZE130,12330.00,E,0575,0576,2,0400,100.00,15,노은JC-동충주IC,0,101
0400CZE140,23720.00,E,0576,0578,2,0400,100.00,16,동충주IC-제천JC,0,101
0400CZS010,2800.00,S,0302,0303,3,0400,100.00,16,청북IC-서평택JC,0,101
0400CZS020,5200.00,S,0433,0302,3,0400,100.00,15,평택JC-청북IC,0,101
0400CZS030,5700.00,S,0679,0433,3,0400,100.00,14,평택고덕IC-평택JC,0,101
0400CZS035,7170.00,S,0301,0679,3,0400,100.00,13,송탄IC-평택고덕IC,0,101
0400CZS040,2830.00,S,0300,0301,4,0400,100.00,12,안성JC-송탄IC,0,101
0400CZS050,1980.00,S,0261,0300,2,0400,100.00,11,서안성IC-안성JC,0,101
0400CZS060,10210.00,S,0353,0261,2,0400,100.00,10,남안성IC-서안성IC,0,101
0400CZS070,19510.00,S,0466,0353,2,0400,100.00,9,북진천IC-남안성IC,0,101
0400CZS080,2500.00,S,0456,0466,2,0400,100.00,8,대소JC-북진천IC,0,101
0400CZS090,7200.00,S,0574,0456,2,0400,100.00,7,금왕꽃동네IC-대소JC,0,101
0400CZS095,7310.00,S,0571,0574,2,0400,100.00,6,음성IC-금왕꽃동네IC,0,101
0400CZS100,5400.00,S,0572,0571,2,0400,100.00,5,서충주IC-음성IC,0,101
0400CZS110,7680.00,S,0573,0572,2,0400,100.00,4,충주JC-서충주IC,0,101
0400CZS120,5370.00,S,0575,0573,2,0400,100.00,3,노은JC-충주JC,0,101
0400CZS130,12330.00,S,0576,0575,2,0400,100.00,2,동충주IC-노은JC,0,101
0400CZS140,23720.00,S,0578,0576,2,0400,100.00,1,제천JC-동충주IC,0,101
0450CZE010,2700.00,E,0144,0502,2,0450,100.00,1,내서JC-칠원TG,0,101
0450CZE015,790.00,E,0502,0148,2,0450,100.00,2,칠원TG-칠원JC,0,101
0450CZE020,5180.00,E,0148,0153,2,0450,100.00,3,칠원JC-칠서IC,0,101
0450CZE030,8840.00,E,0153,0156,2,0450,100.00,4,칠서IC-남지IC,0,101
0450CZE040,6890.00,E,0156,0158,2,0450,100.00,5,남지IC-영산IC,0,101
0450CZE050,11570.00,E,0158,0125,2,0450,100.00,6,영산IC-창녕IC,0,101
0450CZE060,16410.00,E,0125,0354,2,0450,100.00,7,창녕IC-현풍JC,0,101
0450CZE070,10700.00,E,0354,0357,2,0450,100.00,8,현풍JC-고령JC,0,101
0450CZE080,10620.00,E,0357,0356,2,0450,100.00,9,고령JC-남성주IC,0,101
0450CZE090,11910.00,E,0356,0378,2,0450,100.00,10,남성주IC-성주IC,0,101
0450CZE100,16710.00,E,0378,0355,2,0450,100.00,11,성주IC-남김천IC,0,101
0450CZE110,12150.00,E,0355,0080,2,0450,100.00,12,남김천IC-김천JC,0,101
0450CZE120,8920.00,E,0080,0083,2,0450,100.00,13,김천JC-선산IC,0,101
0450CZE130,15810.00,E,0083,0369,2,0450,100.00,14,선산IC-낙동JC,0,101
0450CZE140,7200.00,E,0369,0079,2,0450,110.00,15,낙동JC-상주IC,0,101
0450CZE150,13040.00,E,0079,0040,2,0450,110.00,16,상주IC-북상주IC,0,101
0450CZE160,7460.00,E,0040,0039,2,0450,110.00,17,북상주IC-점촌함창IC,0,101
0450CZE170,13980.00,E,0039,0038,2,0450,110.00,18,점촌함창IC-문경새재IC,0,101
0450CZE180,14630.00,E,0038,0069,2,0450,110.00,19,문경새재IC-연풍IC,0,101
0450CZE190,14190.00,E,0069,0070,2,0450,110.00,20,연풍IC-괴산IC,0,101
0450CZE200,14910.00,E,0070,0072,2,0450,110.00,21,괴산IC-충주IC,0,101
0450CZE210,5010.00,E,0072,0683,2,0450,110.00,22,충주IC-중앙탑Hi,0,101
0450CZE215,4160.00,E,0683,0071,2,0450,110.00,23,중앙탑Hi-북충주IC,0,101
0450CZE220,5220.00,E,0071,0573,2,0450,110.00,24,북충주IC-충주JC,0,101
0450CZE225,12090.00,E,0573,0057,2,0450,100.00,25,충주JC-감곡IC,0,101
0450CZE230,14530.00,E,0057,0262,2,0450,110.00,26,감곡IC-여주JC,0,101
0450CZE240,2340.00,E,0262,0570,2,0450,110.00,27,여주JC-남여주IC,0,101
0450CZE245,5440.00,E,0570,0488,2,0450,110.00,28,남여주IC-서여주IC,0,101
0450CZE250,9200.00,E,0488,0489,2,0450,110.00,29,서여주IC-북여주IC,0,101
0450CZE260,18510.00,E,0489,0653,2,0450,110.00,30,북여주IC-남양평Hi,0,101
0450CZE270,4760.00,E,0653,0565,2,0450,100.00,31,남양평Hi-양평IC,0,101
0450CZS010,2700.00,S,0502,0144,2,0450,100.00,31,칠원TG-내서JC,0,101
0450CZS015,790.00,S,0148,0502,2,0450,100.00,30,칠원JC-칠원TG,0,101
0450CZS020,5180.00,S,0153,0148,2,0450,100.00,29,칠서IC-칠원JC,0,101
0450CZS030,8840.00,S,0156,0153,2,0450,100.00,28,남지IC-칠서IC,0,101
0450CZS040,6890.00,S,0158,0156,2,0450,100.00,27,영산IC-남지IC,0,101
0450CZS050,11570.00,S,0125,0158,2,0450,100.00,26,창녕IC-영산IC,0,101
0450CZS060,16410.00,S,0354,0125,2,0450,100.00,25,현풍JC-창녕IC,0,101
0450CZS070,10700.00,S,0357,0354,2,0450,100.00,24,고령JC-현풍JC,0,101
0450CZS080,10620.00,S,0356,0357,2,0450,100.00,23,남성주IC-고령JC,0,101
0450CZS090,11910.00,S,0378,0356,2,0450,100.00,22,성주IC-남성주IC,0,101
0450CZS100,16710.00,S,0355,0378,2,0450,100.00,21,남김천IC-성주IC,0,101
0450CZS110,12150.00,S,0080,0355,2,0450,100.00,20,김천JC-남김천IC,0,101
0450CZS120,8920.00,S,0083,0080,2,0450,100.00,19,선산IC-김천JC,0,101
0450CZS130,15810.00,S,0369,0083,2,0450,100.00,18,낙동JC-선산IC,0,101
0450CZS140,7200.00,S,0079,0369,2,0450,110.00,17,상주IC-낙동JC,0,101
0450CZS150,13040.00,S,0040,0079,2,0450,110.00,16,북상주IC-상주IC,0,101
0450CZS160,7460.00,S,0039,0040,2,0450,110.00,15,점촌함창IC-북상주IC,0,101
0450CZS170,13980.00,S,0038,0039,2,0450,110.00,14,문경새재IC-점촌함창IC,0,101
0450CZS180,14630.00,S,0069,0038,2,0450,110.00,13,연풍IC-문경새재IC,0,101
0450CZS190,14190.00,S,0070,0069,2,0450,110.00,12,괴산IC-연풍IC,0,101
0450CZS200,14910.00,S,0072,0070,2,0450,110.00,11,충주IC-괴산IC,0,101
0450CZS210,5010.00,S,0683,0072,2,0450,110.00,10,중앙탑Hi-충주IC,0,101
0450CZS215,4160.00,S,0071,0683,2,0450,110.00,9,북충주IC-중앙탑Hi,0,101
0450CZS220,5220.00,S,0573,0071,2,0450,110.00,8,충주JC-북충주IC,0,101
0450CZS225,12090.00,S,0057,0573,2,0450,100.00,7,감곡IC-충주JC,0,101
0450CZS230,14530.00,S,0262,0057,2,0450,110.00,6,여주JC-감곡IC,0,101
0450CZS240,2340.00,S,0570,0262,2,0450,110.00,5,남여주IC-여주JC,0,101
0450CZS245,5440.00,S,0488,0570,2,0450,110.00,4,서여주IC-남여주IC,0,101
0450CZS250,9200.00,S,0489,0488,2,0450,110.00,3,북여주IC-서여주IC,0,101
0450CZS260,18510.00,S,0653,0489,2,0450,110.00,2,남양평Hi-북여주IC,0,101
0450CZS270,4760.00,S,0565,0653,2,0450,100.00,1,양평IC-남양평Hi,0,101
0500CZE005,560.00,E,0494,0287,3,0500,100.00,1,영동고속국도시점-서창JC,0,101
0500CZE010,4440.00,E,0287,0313,3,0500,100.00,2,서창JC-월곶JC,0,101
0500CZE020,2960.00,E,0313,0569,3,0500,100.00,3,월곶JC-군자JC,0,101
0500CZE025,2080.00,E,0569,0314,3,0500,100.00,4,군자JC-군자TG,0,101
0500CZE030,2500.00,E,0314,0317,3,0500,100.00,5,군자TG-서안산IC,0,101
0500CZE040,3330.00,E,0317,0318,3,0500,100.00,6,서안산IC-안산IC,0,101
0500CZE050,1230.00,E,0318,0319,3,0500,100.00,7,안산IC-안산JC,0,101
0500CZE060,5600.00,E,0319,0503,3,0500,100.00,8,안산JC-둔대JC,0,101
0500CZE065,1720.00,E,0503,0322,3,0500,100.00,9,둔대JC-군포IC,0,101
0500CZE070,1390.00,E,0322,0321,3,0500,100.00,10,군포IC-동군포IC,0,101
0500CZE080,2150.00,E,0321,0258,3,0500,100.00,11,동군포IC-부곡IC,0,101
0500CZE090,2840.00,E,0258,0269,3,0500,100.00,12,부곡IC-북수원IC,0,101
0500CZE100,6090.00,E,0269,0268,3,0500,100.00,13,북수원IC-동수원IC,0,101
0500CZE110,4900.00,E,0268,0309,3,0500,100.00,14,동수원IC-신갈JC,0,101
0500CZE120,6620.00,E,0309,0304,3,0500,100.00,15,신갈JC-마성IC,0,101
0500CZE130,4100.00,E,0304,0306,3,0500,100.00,16,마성IC-용인IC,0,101
0500CZE140,7960.00,E,0306,0307,3,0500,100.00,17,용인IC-양지IC,0,101
0500CZE150,7100.00,E,0307,0242,3,0500,100.00,18,양지IC-덕평IC,0,101
0500CZE160,5720.00,E,0242,0243,3,0500,100.00,19,덕평IC-호법JC,0,101
0500CZE170,6340.00,E,0243,0241,4,0500,100.00,20,호법JC-이천IC,0,101
0500CZE180,8660.00,E,0241,0262,4,0500,100.00,21,이천IC-여주JC,0,101
0500CZE190,6180.00,E,0262,0239,2,0500,100.00,22,여주JC-여주IC,0,101
0500CZE200,19980.00,E,0239,0073,2,0500,100.00,23,여주IC-문막IC,0,101
0500CZE210,9150.00,E,0073,0075,2,0500,100.00,24,문막IC-만종JC,0,101
0500CZE220,3800.00,E,0075,0604,2,0500,100.00,25,만종JC-원주JC,0,101
0500CZE225,2800.00,E,0604,0076,2,0500,100.00,26,원주JC-원주IC,0,101
0500CZE230,12730.00,E,0076,0028,2,0500,100.00,27,원주IC-새말IC,0,101
0500CZE240,17080.00,E,0028,0029,2,0500,100.00,28,새말IC-둔내IC,0,101
0500CZE250,16590.00,E,0029,0654,2,0500,100.00,29,둔내IC-동둔내Hi,0,101
0500CZE255,9300.00,E,0654,0031,,0500,100.00,30,동둔내Hi-면온IC,0,101
0500CZE260,6090.00,E,0031,0032,2,0500,100.00,31,면온IC-평창IC,0,101
0500CZE270,9160.00,E,0032,0033,2,0500,100.00,32,평창IC-속사IC,0,101
0500CZE280,7140.00,E,0033,0034,2,0500,100.00,33,속사IC-진부IC,0,101
0500CZE290,12850.00,E,0034,0036,2,0500,100.00,34,진부IC-대관령IC,0,101
0500CZE300,22560.00,E,0036,0024,2,0500,100.00,35,대관령IC-강릉JC,0,101
0500CZS005,560.00,S,0287,0494,3,0500,100.00,35,서창JC-영동고속국도시점,0,101
0500CZS010,4440.00,S,0313,0287,3,0500,100.00,34,월곶JC-서창JC,0,101
0500CZS020,2960.00,S,0569,0313,3,0500,100.00,33,군자TG-월곶JC,0,101
0500CZS025,2080.00,S,0314,0569,3,0500,100.00,32,군자TG-군자JC,0,101
0500CZS030,2500.00,S,0317,0314,3,0500,100.00,31,서안산IC-군자TG,0,101
0500CZS040,3330.00,S,0318,0317,3,0500,100.00,30,안산IC-서안산IC,0,101
0500CZS050,1230.00,S,0319,0318,3,0500,100.00,29,안산JC-안산IC,0,101
0500CZS060,5600.00,S,0503,0319,3,0500,100.00,28,둔대JC-안산JC,0,101
0500CZS065,1720.00,S,0322,0503,3,0500,100.00,27,군포IC-둔대JC,0,101
0500CZS070,1390.00,S,0321,0322,3,0500,100.00,26,동군포IC-군포IC,0,101
0500CZS080,2150.00,S,0258,0321,3,0500,100.00,25,부곡IC-동군포IC,0,101
0500CZS090,2840.00,S,0269,0258,3,0500,100.00,24,북수원IC-부곡IC,0,101
0500CZS100,6090.00,S,0268,0269,3,0500,100.00,23,동수원IC-북수원IC,0,101
0500CZS110,4900.00,S,0309,0268,3,0500,100.00,22,신갈JC-동수원IC,0,101
0500CZS120,6620.00,S,0304,0309,3,0500,100.00,21,마성IC-신갈JC,0,101
0500CZS130,4100.00,S,0306,0304,3,0500,100.00,20,용인IC-마성IC,0,101
0500CZS140,7960.00,S,0307,0306,3,0500,100.00,19,양지IC-용인IC,0,101
0500CZS150,7100.00,S,0242,0307,3,0500,100.00,18,덕평IC-양지IC,0,101
0500CZS160,5720.00,S,0243,0242,3,0500,100.00,17,호법JC-덕평IC,0,101
0500CZS170,6340.00,S,0241,0243,4,0500,100.00,16,이천IC-호법JC,0,101
0500CZS180,8660.00,S,0262,0241,4,0500,100.00,15,여주JC-이천IC,0,101
0500CZS190,6180.00,S,0239,0262,2,0500,100.00,14,여주IC-여주JC,0,101
0500CZS200,19980.00,S,0073,0239,2,0500,100.00,13,문막IC-여주IC,0,101
0500CZS210,9150.00,S,0075,0073,2,0500,100.00,12,만종JC-문막IC,0,101
0500CZS220,3800.00,S,0604,0075,2,0500,100.00,11,원주JC-만종JC,0,101
0500CZS225,2800.00,S,0076,0604,2,0500,100.00,10,원주IC-원주JC,0,101
0500CZS230,12730.00,S,0028,0076,2,0500,100.00,9,새말IC-원주IC,0,101
0500CZS240,17080.00,S,0029,0028,2,0500,80.00,8,둔내IC-새말IC,0,101
0500CZS250,16590.00,S,0654,0029,2,0500,100.00,7,동둔내Hi-둔내IC,0,101
0500CZS255,9300.00,S,0031,0654,,0500,100.00,6,면온IC-동둔내Hi,0,101
0500CZS260,6090.00,S,0032,0031,2,0500,100.00,5,평창IC-면온IC,0,101
0500CZS270,9160.00,S,0033,0032,2,0500,100.00,4,속사IC-평창IC,0,101
0500CZS280,7140.00,S,0034,0033,2,0500,100.00,3,진부IC-속사IC,0,101
0500CZS290,12850.00,S,0036,0034,2,0500,100.00,2,대관령IC-진부IC,0,101
0500CZS300,22560.00,S,0024,0036,2,0500,100.00,1,강릉JC-대관령IC,0,101
0520CZE090,4400.00,E,0596,0609,2,0520,100.00,1,경기광주JC-곤지암1터널,0,109
0520CZE100,3900.00,E,0609,0597,4,0520,100.00,2,곤지암1터널-동곤지암IC,0,109
0520CZE110,10200.00,E,0597,0598,4,0520,100.00,3,동곤지암IC-흥천이포IC,0,109
0520CZE120,6000.00,E,0598,0599,4,0520,100.00,4,흥천이포IC-대신IC,0,109
0520CZE130,8600.00,E,0599,0600,4,0520,100.00,5,대신IC-동여주IC,0,109
0520CZE140,7200.00,E,0600,0601,4,0520,100.00,6,동여주IC-동양평IC,0,109
0520CZE150,8400.00,E,0601,0602,4,0520,100.00,7,동양평IC-서원주IC,0,109
0520CZE160,4100.00,E,0602,0603,4,0520,100.00,8,서원주IC-신평JC,0,109
0520CZE170,4100.00,E,0603,0604,4,0520,100.00,9,신평JC-원주JC,0,109
0520CZS090,4400.00,S,0609,0596,2,0520,100.00,9,곤지암1터널-경기광주JC,0,109
0520CZS100,3900.00,S,0597,0609,4,0520,100.00,8,동곤지암IC-곤지암1터널,0,109
0520CZS110,10200.00,S,0598,0597,4,0520,100.00,7,흥천이포IC-동곤지암IC,0,109
0520CZS120,6000.00,S,0599,0598,4,0520,100.00,6,대신IC-흥천이포IC,0,109
0520CZS130,8600.00,S,0600,0599,4,0520,100.00,5,동여주IC-대신IC,0,109
0520CZS140,7200.00,S,0601,0600,4,0520,100.00,4,동양평IC-동여주IC,0,109
0520CZS150,8400.00,S,0602,0601,4,0520,100.00,3,서원주IC-동양평IC,0,109
0520CZS160,4100.00,S,0603,0602,4,0520,100.00,2,신평JC-서원주IC,0,109
0520CZS170,4100.00,S,0604,0603,4,0520,100.00,1,원주JC-신평JC,0,109
0550CZE010,2940.00,E,0005,0003,2,0550,100.00,1,삼락IC-대저JC,0,101
0550CZE020,1360.00,E,0003,0448,2,0550,100.00,2,대저JC-초정IC,0,101
0550CZE030,2350.00,E,0448,0209,2,0550,100.00,3,초정IC-대동IC,0,101
0550CZE040,3270.00,E,0209,0667,2,0550,100.00,4,대동IC-대감JC,0,101
0550CZE050,1230.00,E,0667,0147,2,0550,100.00,5,대감JC-대동JC,0,101
0550CZE130,4860.00,E,0013,0011,2,0550,100.00,6,금호JC-칠곡IC,0,101
0550CZE140,13900.00,E,0011,0118,2,0550,100.00,7,칠곡IC-다부IC,0,101
0550CZE150,6280.00,E,0118,0121,2,0550,100.00,8,다부IC-가산IC,0,101
0550CZE160,7740.00,E,0121,1005,2,0550,100.00,9,가산IC-군위JC,0,101
0550CZE165,4370.00,E,1005,0081,2,0550,100.00,10,군위JC-군위IC,0,101
0550CZE170,11000.00,E,0081,0084,2,0550,100.00,11,군위IC-의성IC,0,101
0550CZE180,17950.00,E,0084,0613,2,0550,100.00,12,의성IC-안동JC,0,101
0550CZE185,4780.00,E,0613,0085,2,0550,100.00,13,안동JC-남안동IC,0,101
0550CZE190,15000.00,E,0085,0041,2,0550,100.00,14,남안동IC-서안동IC,0,101
0550CZE200,13300.00,E,0041,0042,2,0550,100.00,15,서안동IC-예천IC,0,101
0550CZE210,12100.00,E,0042,0043,2,0550,100.00,16,예천IC-영주IC,0,101
0550CZE220,10200.00,E,0043,0044,2,0550,100.00,17,영주IC-풍기IC,0,101
0550CZE230,16980.00,E,0044,0061,2,0550,100.00,18,풍기IC-단양IC,0,101
0550CZE240,14190.00,E,0061,0059,2,0550,100.00,19,단양IC-북단양IC,0,101
0550CZE250,11970.00,E,0059,0058,2,0550,100.00,20,북단양IC-남제천IC,0,101
0550CZE260,1220.00,E,0058,0578,2,0550,100.00,21,남제천IC-제천JC,0,101
0550CZE265,7080.00,E,0578,0056,2,0550,100.00,22,제천JC-제천IC,0,101
0550CZE270,12820.00,E,0056,0078,2,0550,100.00,23,제천IC-신림IC,0,101
0550CZE280,19260.00,E,0078,0074,2,0550,80.00,24,신림IC-남원주IC,0,101
0550CZE290,4760.00,E,0074,0075,2,0550,100.00,25,남원주IC-만종JC,0,101
0550CZE300,2040.00,E,0075,0603,2,0550,100.00,26,만종JC-신평JC,0,101
0550CZE305,5240.00,E,0603,0077,2,0550,100.00,27,신평JC-북원주IC,0,101
0550CZE310,10710.00,E,0077,0030,2,0550,100.00,28,북원주IC-횡성IC,0,101
0550CZE320,25980.00,E,0030,0035,2,0550,100.00,29,횡성IC-홍천IC,0,101
0550CZE330,10370.00,E,0035,0109,2,0550,100.00,30,홍천IC-춘천JC,0,101
0550CZE340,12400.00,E,0109,0501,2,0550,100.00,31,춘천JC-춘천TG,0,101
0550CZE345,2000.00,E,0501,0495,2,0550,100.00,32,춘천TG-춘천IC,0,101
0550CZE350,50.00,E,0495,0457,2,0550,100.00,33,춘천IC-중앙고속국도종점,0,101
0550CZS010,2940.00,S,0003,0005,2,0550,100.00,33,대저JC-삼락IC,0,101
0550CZS020,1360.00,S,0448,0003,2,0550,100.00,32,초정IC-대저JC,0,101
0550CZS030,2350.00,S,0209,0448,2,0550,100.00,31,대동IC-초정IC,0,101
0550CZS040,3270.00,S,0667,0209,2,0550,100.00,30,대감JC-대동IC,0,101
0550CZS050,1230.00,S,0147,0667,2,0550,100.00,29,대동JC-대감JC,0,101
0550CZS130,4860.00,S,0011,0013,2,0550,100.00,28,칠곡IC-금호JC,0,101
0550CZS140,13900.00,S,0118,0011,2,0550,100.00,27,다부IC-칠곡IC,0,101
0550CZS150,6280.00,S,0121,0118,2,0550,100.00,26,가산IC-다부IC,0,101
0550CZS160,7740.00,S,1005,0121,2,0550,100.00,25,군위JC-가산IC,0,101
0550CZS165,4370.00,S,0081,1005,2,0550,100.00,24,군위IC-군위JC,0,101
0550CZS170,11000.00,S,0084,0081,2,0550,100.00,23,의성IC-군위IC,0,101
0550CZS180,17950.00,S,0613,0084,2,0550,100.00,22,안동JC-의성IC,0,101
0550CZS185,4780.00,S,0085,0613,2,0550,100.00,21,남안동IC-안동JC,0,101
0550CZS190,15000.00,S,0041,0085,2,0550,100.00,20,서안동IC-남안동IC,0,101
0550CZS200,13300.00,S,0042,0041,2,0550,100.00,19,예천IC-서안동IC,0,101
0550CZS210,12100.00,S,0043,0042,2,0550,100.00,18,영주IC-예천IC,0,101
0550CZS220,10200.00,S,0044,0043,2,0550,100.00,17,풍기IC-영주IC,0,101
0550CZS230,16980.00,S,0061,0044,2,0550,100.00,16,단양IC-풍기IC,0,101
0550CZS240,14190.00,S,0059,0061,2,0550,100.00,15,북단양IC-단양IC,0,101
0550CZS250,11970.00,S,0058,0059,2,0550,100.00,14,남제천IC-북단양IC,0,101
0550CZS260,1220.00,S,0578,0058,2,0550,100.00,13,제천JC-남제천IC,0,101
0550CZS265,7080.00,S,0056,0578,2,0550,100.00,12,제천IC-제천JC,0,101
0550CZS270,12820.00,S,0078,0056,2,0550,100.00,11,신림IC-제천IC,0,101
0550CZS280,19260.00,S,0074,0078,2,0550,100.00,10,남원주IC-신림IC,0,101
0550CZS290,4760.00,S,0075,0074,2,0550,100.00,9,만종JC-남원주IC,0,101
0550CZS300,2040.00,S,0603,0075,2,0550,100.00,8,신평JC-만종JC,0,101
0550CZS305,5240.00,S,0077,0603,2,0550,100.00,7,북원주IC-신평JC,0,101
0550CZS310,10710.00,S,0030,0077,2,0550,100.00,6,횡성IC-북원주IC,0,101
0550CZS320,25980.00,S,0035,0030,2,0550,100.00,5,홍천IC-횡성IC,0,101
0550CZS330,10370.00,S,0109,0035,2,0550,100.00,4,춘천JC-홍천IC,0,101
0550CZS340,12400.00,S,0501,0109,2,0550,100.00,3,춘천TG-춘천JC,0,101
0550CZS345,2000.00,S,0495,0501,2,0550,100.00,2,춘천IC-춘천TG,0,101
0550CZS350,50.00,S,0457,0495,2,0550,100.00,1,중앙고속국도종점-춘천IC,0,101
0552CZE050,9350.00,E,0147,0346,2,0552,110.00,1,대동JC-상동IC,0,109
0552CZE060,15800.00,E,0346,0345,2,0552,110.00,2,상동IC-삼랑진IC,0,109
0552CZE070,7800.00,E,0345,0331,2,0552,110.00,3,삼랑진IC-남밀양IC,0,109
0552CZE080,5800.00,E,0331,0332,2,0552,110.00,4,남밀양IC-밀양IC,0,109
0552CZE085,1890.00,E,0332,1025,2,0552,110.00,5,밀양IC-밀양JC,0,109
0552CZE090,16210.00,E,1025,0333,2,0552,110.00,6,밀양JC-청도IC,0,109
0552CZE100,22500.00,E,0333,0344,2,0552,110.00,7,청도IC-수성IC,0,109
0552CZE110,3300.00,E,0344,0343,2,0552,110.00,8,수성IC-동대구IC,0,109
0552CZE120,2500.00,E,0343,0010,2,0552,110.00,9,동대구IC-동대구JC,0,109
0552CZS050,9350.00,S,0346,0147,2,0552,110.00,9,상동IC-대동JC,0,109
0552CZS060,15800.00,S,0345,0346,2,0552,110.00,8,삼랑진IC-상동IC,0,109
0552CZS070,7800.00,S,0331,0345,2,0552,110.00,7,남밀양IC-삼랑진IC,0,109
0552CZS080,5800.00,S,0332,0331,2,0552,110.00,6,밀양IC-남밀양IC,0,109
0552CZS085,1890.00,S,1025,0332,2,0552,110.00,5,밀양JC-밀양IC,0,109
0552CZS090,16210.00,S,0333,1025,2,0552,110.00,4,청도IC-밀양JC,0,109
0552CZS100,22500.00,S,0344,0333,2,0552,110.00,3,수성IC-청도IC,0,109
0552CZS110,3300.00,S,0343,0344,2,0552,110.00,2,동대구IC-수성IC,0,109
0552CZS120,2500.00,S,0010,0343,2,0552,110.00,1,동대구JC-동대구IC,0,109
0600CZE010,960.00,E,0235,0398,2,0600,80.00,1,강일IC-선동IC,0,108
0600CZE020,960.00,E,0398,0399,2,0600,80.00,2,선동IC-미사IC,0,108
0600CZE030,2030.00,E,0399,0400,2,0600,100.00,3,미사IC-덕소삼패IC,0,108
0600CZE040,3870.00,E,0400,0401,2,0600,100.00,4,덕소삼패IC-남양주TG,0,108
0600CZE050,7040.00,E,0401,0402,2,0600,100.00,5,남양주TG-화도IC,0,108
0600CZE060,5300.00,E,0402,0403,2,0600,100.00,6,화도IC-서종IC,0,108
0600CZE070,12880.00,E,0403,0404,2,0600,100.00,7,서종IC-설악IC,0,108
0600CZE080,14200.00,E,0404,0383,2,0600,100.00,8,설악IC-강촌IC,0,108
0600CZE090,9030.00,E,0383,0384,2,0600,100.00,9,강촌IC-남춘천IC,0,108
0600CZE100,510.00,E,0384,0385,2,0600,100.00,10,남춘천IC-동산TG,0,108
0600CZE110,4880.00,E,0385,0406,2,0600,100.00,11,동산TG-조양IC,0,108
0600CZE120,110.00,E,0406,0109,2,0600,100.00,12,조양IC-춘천JC,0,108
0600CZE130,16710.00,E,0109,0458,2,0600,100.00,13,춘천JC-동홍천IC,0,101
0600CZE140,16730.00,E,0458,0631,2,0600,100.00,14,동홍천IC-내촌IC,0,101
0600CZE150,20420.00,E,0631,0632,2,0600,100.00,15,내촌IC-인제IC,0,101
0600CZE160,12430.00,E,0632,0633,2,0600,100.00,16,인제IC-인제터널,0,101
0600CZE165,12790.00,E,0633,0634,2,0600,100.00,17,인제터널-서양양IC,0,101
0600CZE170,10220.00,E,0634,0605,2,0600,100.00,18,서양양IC-양양JC,0,101
0600CZS010,960.00,S,0398,0235,2,0600,80.00,18,선동IC-강일IC,0,108
0600CZS020,960.00,S,0399,0398,2,0600,80.00,17,미사IC-선동IC,0,108
0600CZS030,2030.00,S,0400,0399,2,0600,100.00,16,덕소삼패IC-미사IC,0,108
0600CZS040,3870.00,S,0401,0400,2,0600,100.00,15,남양주TG-덕소삼패IC,0,108
0600CZS050,7040.00,S,0402,0401,2,0600,100.00,14,화도IC-남양주TG,0,108
0600CZS060,5300.00,S,0403,0402,2,0600,100.00,13,서종IC-화도IC,0,108
0600CZS070,12880.00,S,0404,0403,2,0600,100.00,12,설악IC-서종IC,0,108
0600CZS080,14200.00,S,0383,0404,2,0600,100.00,11,강촌IC-설악IC,0,108
0600CZS090,9030.00,S,0384,0383,2,0600,100.00,10,남춘천IC-강촌IC,0,108
0600CZS100,510.00,S,0385,0384,2,0600,100.00,9,동산TG-남춘천IC,0,108
0600CZS110,4880.00,S,0406,0385,2,0600,100.00,8,조양IC-동산TG,0,108
0600CZS120,110.00,S,0109,0406,2,0600,100.00,7,춘천JC-조양IC,0,108
0600CZS130,16710.00,S,0458,0109,2,0600,100.00,6,동홍천IC-춘천JC,0,101
0600CZS140,16730.00,S,0631,0458,2,0600,100.00,5,내촌IC-동홍천IC,0,101
0600CZS150,20420.00,S,0632,0631,2,0600,100.00,4,인제IC-내촌IC,0,101
0600CZS160,12430.00,S,0633,0632,2,0600,100.00,3,인제터널-인제IC,0,101
0600CZS165,12790.00,S,0634,0633,2,0600,100.00,2,서양양IC-인제터널,0,101
0600CZS170,10220.00,S,0605,0634,2,0600,100.00,1,양양JC-서양양IC,0,101
0650CZE060,9360.00,E,0594,0595,2,0650,100.00,1,근덕IC-삼척IC,0,101
0650CZE070,8700.00,E,0595,0037,2,0650,100.00,2,삼척IC-동해IC,0,101
0650CZE080,8280.00,E,0037,0027,2,0650,100.00,3,동해IC-망상IC,0,101
0650CZE090,6660.00,E,0027,0026,2,0650,100.00,4,망상IC-옥계IC,0,101
0650CZE100,17860.00,E,0026,0381,2,0650,100.00,5,옥계IC-남강릉IC,0,101
0650CZE110,8210.00,E,0381,0025,2,0650,100.00,6,남강릉IC-강릉IC,0,101
0650CZE120,2700.00,E,0025,0024,2,0650,100.00,7,강릉IC-강릉JC,0,101
0650CZE130,7240.00,E,0024,0023,2,0650,100.00,8,강릉JC-북강릉IC,0,101
0650CZE140,9240.00,E,0023,0022,2,0650,100.00,9,북강릉IC-남양양IC,0,101
0650CZE150,15220.00,E,0022,0467,2,0650,80.00,10,남양양IC-하조대IC,0,101
0650CZE160,9670.00,E,0467,0564,2,0650,100.00,11,하조대IC-양양IC,0,101
0650CZE170,10270.00,E,0564,0606,2,0650,100.00,12,양양IC-북양양IC,0,101
0650CZE180,8320.00,E,0606,0607,2,0650,100.00,13,북양양IC-속초IC,0,101
0650CZS060,9360.00,S,0595,0594,2,0650,100.00,13,삼척IC-근덕IC,0,101
0650CZS070,8700.00,S,0037,0595,2,0650,100.00,12,동해IC-삼척IC,0,101
0650CZS080,8280.00,S,0027,0037,2,0650,100.00,11,망상IC-동해IC,0,101
0650CZS090,6660.00,S,0026,0027,2,0650,100.00,10,옥계IC-망상IC,0,101
0650CZS100,17860.00,S,0381,0026,2,0650,100.00,9,남강릉IC-옥계IC,0,101
0650CZS110,8210.00,S,0025,0381,2,0650,100.00,8,강릉IC-남강릉IC,0,101
0650CZS120,2700.00,S,0024,0025,2,0650,100.00,7,강릉JC-강릉IC,0,101
0650CZS130,7240.00,S,0023,0024,2,0650,100.00,6,북강릉IC-강릉JC,0,101
0650CZS140,9240.00,S,0022,0023,2,0650,100.00,5,남양양IC-북강릉IC,0,101
0650CZS150,15220.00,S,0467,0022,2,0650,100.00,4,하조대IC-남양양IC,0,101
0650CZS160,9670.00,S,0564,0467,2,0650,100.00,3,양양IC-하조대IC,0,101
0650CZS170,10270.00,S,0606,0564,2,0650,100.00,2,북양양IC-양양IC,0,101
0650CZS180,8320.00,S,0607,0606,2,0650,100.00,1,속초IC-북양양IC,0,101
0651CZE010,4530.00,E,0593,0592,2,0651,80.00,1,부산울산시점-동부산IC,0,108
0651CZE015,1500.00,E,0592,0386,2,0651,80.00,2,동부산IC-해운대IC,0,108
0651CZE020,7870.00,E,0386,0445,3,0651,100.00,3,해운대IC-기장JC,0,108
0651CZE030,5380.00,E,0445,0388,3,0651,100.00,4,기장JC-장안IC,0,108
0651CZE040,10300.00,E,0388,0389,3,0651,100.00,5,장안IC-온양IC,0,108
0651CZE050,7870.00,E,0389,0390,3,0651,100.00,6,온양IC-청량IC,0,108
0651CZE060,3550.00,E,0390,1028,3,0651,100.00,7,청량IC-울주JC,0,108
0651CZE065,1730.00,E,1028,0442,3,0651,100.00,8,울주JC-문수IC,0,108
0651CZE070,4280.00,E,0442,0405,3,0651,100.00,9,문수IC-울산JCT,0,108
0651CZS010,4530.00,S,0592,0593,2,0651,80.00,9,동부산IC-부산울산시점,0,108
0651CZS015,1500.00,S,0386,0592,2,0651,80.00,8,해운대IC-동부산IC,0,108
0651CZS020,7870.00,S,0445,0386,3,0651,100.00,7,기장IC-해운대IC,0,108
0651CZS030,5380.00,S,0388,0445,3,0651,100.00,6,장안IC-기장IC,0,108
0651CZS040,10300.00,S,0389,0388,3,0651,100.00,5,온양IC-장안IC,0,108
0651CZS050,7870.00,S,0390,0389,3,0651,100.00,4,청량IC-온양IC,0,108
0651CZS060,3550.00,S,1028,0390,3,0651,100.00,3,울주JC-청량IC,0,108
0651CZS065,1730.00,S,0442,1028,3,0651,100.00,2,문수IC-울주JC,0,108
0651CZS070,4280.00,S,0405,0442,3,0651,100.00,1,울산JCT-문수IC,0,108
0652CZE010,8150.00,E,0405,0579,2,0652,100.00,1,울산JCT~범서IC,0,101
0652CZE020,14560.00,E,0579,0580,2,0652,100.00,2,범서IC~남경주IC,0,101
0652CZE030,11560.00,E,0580,0581,2,0652,100.00,3,남경주IC~동경주IC,0,101
0652CZE040,19410.00,E,0581,0583,2,0652,100.00,4,동경주IC~남포항IC,0,101
0652CZS010,8150.00,S,0579,0405,2,0652,100.00,4,울산JCT~범서IC,0,101
0652CZS020,14560.00,S,0580,0579,2,0652,100.00,3,범서IC~남경주IC,0,101
0652CZS030,11560.00,S,0581,0580,2,0652,100.00,2,남경주IC~동경주IC,0,101
0652CZS040,19410.00,S,0583,0581,2,0652,100.00,1,동경주IC~남포항IC,0,101
1000CZE010,4160.00,E,0273,0272,4,1000,100.00,1,판교JC-성남IC,0,101
1000CZE020,240.00,E,0272,0275,4,1000,100.00,2,성남IC-성남TG,0,101
1000CZE030,4960.00,E,0275,0232,4,1000,100.00,3,성남TG-송파IC,0,101
1000CZE040,5000.00,E,0232,0254,4,1000,100.00,4,송파IC-서하남IC,0,101
1000CZE050,4960.00,E,0254,0253,4,1000,100.00,5,서하남IC-하남JC,0,101
1000CZE060,2530.00,E,0253,0236,6,1000,100.00,6,하남JC-상일IC,0,101
1000CZE070,3040.00,E,0236,0235,6,1000,100.00,7,상일IC-강일IC,0,101
1000CZE080,990.00,E,0235,0267,4,1000,100.00,8,강일IC-토평IC,0,101
1000CZE090,480.00,E,0267,0279,4,1000,100.00,9,토평IC-구리TG,0,101
1000CZE100,1920.00,E,0279,0251,4,1000,100.00,10,구리TG-남양주IC,0,101
1000CZE110,1900.00,E,0251,0249,4,1000,100.00,11,남양주IC-구리IC,0,101
1000CZE120,2730.00,E,0249,0248,4,1000,100.00,12,구리IC-퇴계원IC,0,101
1000CZE130,2890.00,E,0248,0338,4,1000,100.00,13,퇴계원IC-별내IC,0,101
1000CZE150,7100.00,E,0338,0341,4,1000,100.00,14,별내IC-의정부IC,0,109
1000CZE160,7400.00,E,0341,0342,4,1000,100.00,15,의정부IC-송추IC,0,109
1000CZE170,6300.00,E,0342,0350,4,1000,100.00,16,송추IC-양주TG,0,109
1000CZE180,3200.00,E,0350,0340,4,1000,100.00,17,양주TG-통일로IC,0,109
1000CZE190,3700.00,E,0340,1017,4,1000,100.00,18,통일로IC-고양JC,0,109
1000CZE195,2900.00,E,1017,0339,4,1000,100.00,19,고양JC-고양IC,0,109
1000CZE200,3570.00,E,0339,0271,4,1000,100.00,19,고양IC-일산IC,0,109
1000CZE210,2210.00,E,0271,0270,4,1000,100.00,20,일산IC-자유로IC,0,101
1000CZE220,3110.00,E,0270,0250,4,1000,100.00,21,자유로IC-김포IC,0,101
1000CZE230,910.00,E,0250,0351,4,1000,100.00,22,김포IC-김포TG,0,101
1000CZE240,2840.00,E,0351,0291,4,1000,100.00,23,김포TG-노오지JC,0,101
1000CZE250,3020.00,E,0291,0292,4,1000,100.00,24,노오지JC-계양IC,0,101
1000CZE260,2250.00,E,0292,0297,4,1000,100.00,25,계양IC-서운JC,0,101
1000CZE270,2080.00,E,0297,0327,4,1000,100.00,26,서운JC-중동IC,0,101
1000CZE280,2020.00,E,0327,0296,4,1000,100.00,27,중동IC-송내IC,0,101
1000CZE290,2410.00,E,0296,0290,4,1000,100.00,28,송내IC-장수IC,0,101
1000CZE300,4210.00,E,0290,0310,4,1000,100.00,29,장수IC-시흥IC,0,101
1000CZE310,770.00,E,0310,0328,4,1000,100.00,30,시흥IC-시흥TG,0,101
1000CZE320,1890.00,E,0328,0311,4,1000,100.00,31,시흥TG-안현JC,0,101
1000CZE330,5610.00,E,0311,0459,4,1000,100.00,32,안현JC-도리JC,0,101
1000CZE340,3640.00,E,0459,0316,4,1000,100.00,33,도리JC-조남JC,0,101
1000CZE350,5270.00,E,0316,0277,4,1000,100.00,34,조남JC-산본IC,0,101
1000CZE360,4130.00,E,0277,0276,4,1000,100.00,35,산본IC-평촌IC,0,101
1000CZE370,2860.00,E,0276,0256,4,1000,100.00,36,평촌IC-학의JC,0,101
1000CZE380,2200.00,E,0256,0263,4,1000,100.00,37,학의JC-청계TG,0,101
1000CZE390,6600.00,E,0263,0273,4,1000,100.00,38,청계TG-판교JC,0,101
1000CZS010,4160.00,S,0272,0273,4,1000,100.00,38,성남IC-판교JC,0,101
1000CZS020,240.00,S,0275,0272,4,1000,100.00,37,성남TG-성남IC,0,101
1000CZS030,4960.00,S,0232,0275,4,1000,100.00,36,송파IC-성남TG,0,101
1000CZS040,5000.00,S,0254,0232,4,1000,100.00,35,서하남IC-송파IC,0,101
1000CZS050,4960.00,S,0253,0254,4,1000,100.00,34,하남JC-서하남IC,0,101
1000CZS060,2530.00,S,0236,0253,6,1000,100.00,33,상일IC-하남JC,0,101
1000CZS070,3040.00,S,0235,0236,6,1000,100.00,32,강일IC-상일IC,0,101
1000CZS080,990.00,S,0267,0235,4,1000,100.00,31,토평IC-강일IC,0,101
1000CZS090,480.00,S,0279,0267,4,1000,100.00,30,구리TG-토평IC,0,101
1000CZS100,1920.00,S,0251,0279,4,1000,100.00,29,남양주IC-구리TG,0,101
1000CZS110,1900.00,S,0249,0251,4,1000,100.00,28,구리IC-남양주IC,0,101
1000CZS120,2730.00,S,0248,0249,4,1000,100.00,27,퇴계원IC-구리IC,0,101
1000CZS130,2890.00,S,0338,0248,4,1000,100.00,26,별내IC-퇴계원IC,0,101
1000CZS150,7100.00,S,0341,0338,4,1000,100.00,25,의정부IC-별내IC,0,109
1000CZS160,7400.00,S,0342,0341,4,1000,100.00,24,송추IC-의정부IC,0,109
1000CZS170,6300.00,S,0350,0342,4,1000,100.00,23,양주TG-송추IC,0,109
1000CZS180,3200.00,S,0340,0350,4,1000,100.00,22,통일로IC-양주TG,0,109
1000CZS190,3700.00,S,1017,0340,4,1000,100.00,21,고양JC-통일로IC,0,109
1000CZS195,2900.00,S,0339,1017,4,1000,100.00,21,고양IC-고양JC,0,109
1000CZS200,3570.00,S,0271,0339,4,1000,100.00,20,일산IC-고양IC,0,109
1000CZS210,2210.00,S,0270,0271,4,1000,100.00,19,자유로IC-일산IC,0,101
1000CZS220,3110.00,S,0250,0270,4,1000,100.00,18,김포IC-자유로IC,0,101
1000CZS230,910.00,S,0351,0250,4,1000,100.00,17,김포TG-김포IC,0,101
1000CZS240,2840.00,S,0291,0351,4,1000,100.00,16,노오지JC-김포TG,0,101
1000CZS250,3020.00,S,0292,0291,4,1000,100.00,15,계양IC-노오지JC,0,101
1000CZS260,2250.00,S,0297,0292,4,1000,100.00,14,서운JC-계양IC,0,101
1000CZS270,2080.00,S,0327,0297,4,1000,100.00,13,중동IC-서운JC,0,101
1000CZS280,2020.00,S,0296,0327,4,1000,100.00,12,송내IC-중동IC,0,101
1000CZS290,2410.00,S,0290,0296,4,1000,100.00,11,장수IC-송내IC,0,101
1000CZS300,4210.00,S,0310,0290,4,1000,100.00,10,시흥IC-장수IC,0,101
1000CZS310,770.00,S,0328,0310,4,1000,100.00,9,시흥TG-시흥IC,0,101
1000CZS320,1890.00,S,0311,0328,4,1000,100.00,8,안현JC-시흥TG,0,101
1000CZS330,5610.00,S,0459,0311,4,1000,100.00,7,도리JC-안현JC,0,101
1000CZS340,3640.00,S,0316,0459,4,1000,100.00,6,조남JC-도리JC,0,101
1000CZS350,5270.00,S,0277,0316,4,1000,100.00,5,산본IC-조남JC,0,101
1000CZS360,4130.00,S,0276,0277,4,1000,100.00,4,평촌IC-산본IC,0,101
1000CZS370,2860.00,S,0256,0276,4,1000,100.00,3,학의JC-평촌IC,0,101
1000CZS380,2200.00,S,0263,0256,4,1000,100.00,2,청계TG-학의JC,0,101
1000CZS390,6600.00,S,0273,0263,4,1000,100.00,1,판교JC-청계TG,0,101
1020CZE010,3900.00,E,0124,0144,2,1020,100.00,1,산인JC-내서JC,0,101
1020CZE020,5400.00,E,0144,0141,2,1020,100.00,2,내서JC-서마산IC,0,101
1020CZE030,3720.00,E,0141,0142,2,1020,100.00,3,서마산IC-동마산IC,0,101
1020CZE040,1500.00,E,0142,0211,2,1020,100.00,4,동마산IC-마산TG,0,101
1020CZE050,2980.00,E,0211,0145,2,1020,100.00,5,마산TG-창원JC,0,101
1020CZS010,3900.00,S,0144,0124,2,1020,100.00,5,내서JC-산인JC,0,101
1020CZS020,5400.00,S,0141,0144,2,1020,100.00,4,서마산IC-내서JC,0,101
1020CZS030,3720.00,S,0142,0141,2,1020,100.00,3,동마산IC-서마산IC,0,101
1020CZS040,1500.00,S,0211,0142,2,1020,100.00,2,마산TG-동마산IC,0,101
1020CZS050,2980.00,S,0145,0211,2,1020,100.00,1,창원JC-마산TG,0,101
1040CZE010,3300.00,E,0139,0137,2,1040,100.00,1,냉정JC-장유IC,0,101
1040CZE020,7410.00,E,0137,0498,2,1040,100.00,2,장유IC-서부산TG,0,101
1040CZE030,2000.00,E,0498,0002,2,1040,100.00,3,서부산TG-가락IC,0,101
1040CZE040,5580.00,E,0002,0007,2,1040,100.00,4,가락IC-서부산IC,0,101
1040CZE050,1940.00,E,0007,0001,2,1040,100.00,5,서부산IC-사상IC,0,101
1040CZS010,3300.00,S,0137,0139,2,1040,100.00,5,장유IC-냉정JC,0,101
1040CZS020,7410.00,S,0498,0137,2,1040,100.00,4,서부산TG-장유IC,0,101
1040CZS030,2000.00,S,0002,0498,2,1040,100.00,3,가락IC-서부산TG,0,101
1040CZS040,5580.00,S,0007,0002,2,1040,100.00,2,서부산IC-가락IC,0,101
1040CZS050,1940.00,S,0001,0007,2,1040,100.00,1,사상IC-서부산IC,0,101
1100CZE010,2160.00,E,0285,0441,3,1100,100.00,1,인천시점-학익JC,0,101
1100CZE020,2040.00,E,0441,0286,3,1100,100.00,2,학익JC-문학IC,0,101
1100CZE030,3300.00,E,0286,0288,3,1100,100.00,3,문학IC-남동IC,0,101
1100CZE040,2330.00,E,0288,0287,3,1100,100.00,4,남동IC-서창JC,0,101
1100CZE050,2270.00,E,0287,0329,3,1100,100.00,5,서창JC-남인천TG,0,101
1100CZE060,1540.00,E,0329,0312,3,1100,100.00,6,남인천TG-신천IC,0,101
1100CZE070,3400.00,E,0312,0311,3,1100,100.00,7,신천IC-안현JC,0,101
1100CZE080,3030.00,E,0311,0323,3,1100,100.00,8,안현JC-광명IC,0,101
1100CZE090,4370.00,E,0323,0324,3,1100,100.00,9,광명IC-일직JC,0,101
1100CZE100,1020.00,E,0324,0454,3,1100,100.00,10,일직JC-석수IC,0,101
1100CZE110,,E,    ,    ,,1100,,,공항신도시JC-영종IC, ,   
1100CZE120,,E,    ,    ,,1100,,,영종IC-인천대교TG, ,   
1100CZE130,,E,    ,    ,,1100,,,인천대교TG-연수JC, ,   
1100CZE140,,E,    ,    ,,1100,,,연수JC-옥련IC, ,   
1100CZE150,,E,    ,    ,,1100,,,옥련IC-학익JC, ,   
1100CZE160,2400.00,E,0438,0439,3,1102,100.00,5,연수JC-송도IC,0,109
1100CZE170,520.00,E,0454,0656,3,1100,100.00,11,석수IC-삼막IC,0,109
1100CZE180,6660.00,E,0656,0657,3,1100,100.00,12,삼막IC-북의왕IC,0,109
1100CZE190,2043.00,E,0657,0658,3,1100,100.00,13,북의왕IC-북청계IC,0,109
1100CZE200,9667.00,E,0658,0659,3,1100,100.00,14,북청계IC-동판교IC,0,109
1100CZE210,2805.00,E,0659,0660,3,1100,100.00,15,동판교IC-여수고가교,0,109
1100CZS010,2160.00,S,0441,0285,3,1100,100.00,15,학익JC-인천시점,0,101
1100CZS020,2040.00,S,0286,0441,3,1100,100.00,14,문학IC-학익JC,0,101
1100CZS030,3300.00,S,0288,0286,3,1100,100.00,13,남동IC-문학IC,0,101
1100CZS040,2330.00,S,0287,0288,3,1100,100.00,12,서창JC-남동IC,0,101
1100CZS050,2270.00,S,0329,0287,3,1100,100.00,11,남인천TG-서창JC,0,101
1100CZS060,1540.00,S,0312,0329,3,1100,100.00,10,신천IC-남인천TG,0,101
1100CZS070,3400.00,S,0311,0312,3,1100,100.00,9,안현JC-신천IC,0,101
1100CZS080,3030.00,S,0323,0311,3,1100,100.00,8,광명IC-안현JC,0,101
1100CZS090,4370.00,S,0324,0323,3,1100,100.00,7,일직JC-광명IC,0,101
1100CZS100,1020.00,S,0454,0324,3,1100,100.00,6,석수IC-일직JC,0,101
1100CZS110,,S,    ,    ,,1100,,,영종IC-공항신도시JC, ,   
1100CZS120,,S,    ,    ,,1100,,,인천대교TG-영종IC, ,   
1100CZS130,,S,    ,    ,,1100,,,연수JC-인천대교TG, ,   
1100CZS140,,S,    ,    ,,1100,,,옥련IC-연수JC, ,   
1100CZS150,,S,    ,    ,,1100,,,학익JC-옥련IC, ,   
1100CZS160,2400.00,S,0439,0438,3,1102,100.00,2,송도IC-연수JC,0,109
1100CZS170,520.00,S,0656,0454,3,1100,100.00,5,삼막IC-석수IC,0,109
1100CZS180,6660.00,S,0657,0656,3,1100,100.00,4,북의왕IC-삼막IC,0,109
1100CZS190,2043.00,S,0658,0657,3,1100,100.00,3,북청계IC-북의왕IC,0,109
1100CZS200,9667.00,S,0659,0658,3,1100,100.00,2,동판교IC-북청계IC,0,109
1100CZS210,2805.00,S,0660,0659,3,1100,100.00,1,여수고가교-동판교IC,0,109
1200CZE010,3710.00,E,0284,0283,3,1200,100.00,1,인천시점-도화IC,0,101
1200CZE020,2550.00,E,0283,0295,3,1200,100.00,2,도화IC-가좌IC,0,101
1200CZE030,4130.00,E,0295,0294,3,1200,100.00,3,가좌IC-서인천IC,0,101
1200CZE040,3780.00,E,0294,0289,4,1200,100.00,4,서인천IC-부평IC,0,101
1200CZE050,2330.00,E,0289,0326,4,1200,100.00,5,부평IC-인천TG,0,101
1200CZE060,790.00,E,0326,0297,4,1200,100.00,6,인천TG-서운JC,0,101
1200CZE070,1730.00,E,0297,0298,4,1200,100.00,7,서운JC-부천IC,0,101
1200CZE080,4880.00,E,0298,0234,4,1200,100.00,8,부천IC-신월IC,0,101
1200CZE090,800.00,E,0234,0496,4,1200,100.00,9,신월IC-목동교IC,0,101
1200CZS010,3710.00,S,0283,0284,3,1200,100.00,9,도화IC-인천시점,0,101
1200CZS020,2550.00,S,0295,0283,3,1200,100.00,8,가좌IC-도화IC,0,101
1200CZS030,4130.00,S,0294,0295,3,1200,100.00,7,서인천IC-가좌IC,0,101
1200CZS040,3780.00,S,0289,0294,4,1200,100.00,6,부평IC-서인천IC,0,101
1200CZS050,2330.00,S,0326,0289,4,1200,100.00,5,인천TG-부평IC,0,101
1200CZS060,790.00,S,0297,0326,4,1200,100.00,4,서운JC-인천TG,0,101
1200CZS070,1730.00,S,0298,0297,4,1200,100.00,3,부천IC-서운JC,0,101
1200CZS080,4880.00,S,0234,0298,4,1200,100.00,2,신월IC-부천IC,0,101
1200CZS090,800.00,S,0496,0234,4,1200,100.00,1,목동교IC-신월IC,0,101
1300CZE010,2800.00,E,0282,0435,4,1300,100.00,1,신불IC-공항신도시JC,0,109
1300CZE020,3400.00,E,0435,0281,4,1300,100.00,2,공항신도시JC-공항입구IC,0,109
1300CZE030,10500.00,E,0281,0293,4,1300,100.00,3,공항입구IC-북인천IC,0,109
1300CZE040,5200.00,E,0293,0325,4,1300,100.00,4,신공항IC-인천공항TG,0,109
1300CZE050,7500.00,E,0325,0291,4,1300,100.00,5,인천공항TG-노오지JC,0,109
1300CZE060,3900.00,E,0291,0252,4,1300,100.00,6,노오지JC-김포공항IC,0,109
1300CZE070,2100.00,E,0252,0479,4,1300,100.00,7,김포공항IC-88JC,0,109
1300CZE080,1800.00,E,0479,0478,4,1300,100.00,8,88JC-북로JC,0,109
1300CZS010,2800.00,S,0435,0282,4,1300,100.00,8,공항신도시JC-신불IC,0,109
1300CZS020,3400.00,S,0281,0435,4,1300,100.00,7,공항입구IC-공항신도시JC,0,109
1300CZS030,10500.00,S,0293,0281,4,1300,100.00,6,북인천IC-공항입구IC,0,109
1300CZS040,5200.00,S,0325,0293,4,1300,100.00,5,인천공항TG-신공항IC,0,109
1300CZS050,7500.00,S,0291,0325,4,1300,100.00,4,노오지JC-인천공항TG,0,109
1300CZS060,3900.00,S,0252,0291,4,1300,100.00,3,김포공항IC-노오지JC,0,109
1300CZS070,2100.00,S,0479,0252,4,1300,100.00,2,88JC-김포공항IC,0,109
1300CZS080,1800.00,S,0478,0479,4,1300,100.00,1,북로JC-88JC,0,109
1510CZE010,660.00,E,0481,0417,2,1510,80.00,1,동서천IC-동서천JC,0,101
1510CZE020,20630.00,E,0417,0416,2,1510,110.00,2,동서천JC-서부여IC,0,101
1510CZE030,8860.00,E,0416,0415,2,1510,110.00,3,서부여IC-부여IC,0,101
1510CZE040,12420.00,E,0415,0414,2,1510,110.00,4,부여IC-청양IC,0,101
1510CZE050,13720.00,E,0414,0413,2,1510,110.00,5,청양IC-서공주IC,0,101
1510CZE060,3550.00,E,0413,0412,2,1510,110.00,6,서공주IC-서공주JC,0,101
1510CZS010,660.00,S,0417,0481,2,1510,80.00,6,동서천JC-동서천IC,0,101
1510CZS020,20630.00,S,0416,0417,2,1510,110.00,5,서부여IC-동서천JC,0,101
1510CZS030,8860.00,S,0415,0416,2,1510,110.00,4,부여IC-서부여IC,0,101
1510CZS040,12420.00,S,0414,0415,2,1510,110.00,3,청양IC-부여IC,0,101
1510CZS050,13720.00,S,0413,0414,2,1510,110.00,2,서공주IC-청양IC,0,101
1510CZS060,3550.00,S,0412,0413,2,1510,110.00,1,서공주JC-서공주IC,0,101
1710CZE030,600.00,E,0509,0510,0,1710,100.00,1,흥덕IC-금광지하차도남측,0,109
1710CZE040,1800.00,E,0510,0511,0,1710,100.00,2,금광지하차도남측-금광지하차도북측,0,109
1710CZE050,600.00,E,0511,0513,0,1710,100.00,3,금광지하차도북측-광교IC,0,109
1710CZE060,2600.00,E,0513,0514,0,1710,100.00,4,광교IC-서수지IC,0,109
1710CZE070,900.00,E,0514,0515,0,1710,100.00,5,서수지IC-서수지TG,0,109
1710CZE080,2200.00,E,0515,0516,0,1710,100.00,6,서수지TG-고기터널남측,0,109
1710CZE090,900.00,E,0516,0517,0,1710,100.00,7,고기터널남측-고기터널북측,0,109
1710CZE100,500.00,E,0517,0518,0,1710,100.00,8,고기터널북측-고기JC남측,0,109
1710CZE110,400.00,E,0518,0519,0,1710,100.00,9,고기JC남측-고기JC북측,0,109
1710CZE120,700.00,E,0519,0520,0,1710,100.00,10,고기JC북측-하산운터널남측,0,109
1710CZE130,1700.00,E,0520,0521,0,1710,100.00,11,하산운터널남측-하산운터널북측,0,109
1710CZE140,100.00,E,0521,0522,0,1710,100.00,12,하산운터널북측-서판교IC남측,0,109
1710CZE150,700.00,E,0522,0523,0,1710,100.00,13,서판교IC남측-서판교IC북측,0,109
1710CZE160,500.00,E,0523,0524,0,1710,100.00,14,서판교IC북측-운중터널남측,0,109
1710CZE170,800.00,E,0524,0525,0,1710,100.00,15,운중터널남측-운중터널북측,0,109
1710CZE180,1100.00,E,0525,0526,0,1710,100.00,16,운중터널북측-금토TG,0,109
1710CZE190,400.00,E,0526,0681,0,1710,100.00,17,금토TG-금토JC,0,109
1710CZE195,1300.00,E,0681,0527,0,1710,100.00,18,금토JC-고등IC,0,109
1710CZE200,1600.00,E,0527,0528,0,1710,100.00,19,고등IC-심곡터널남측,0,109
1710CZE210,1300.00,E,0528,0529,0,1710,100.00,20,심곡터널남측-심곡터널북측,0,109
1710CZE220,300.00,E,0529,0530,0,1710,100.00,21,심곡터널북측-세곡터널남측,0,109
1710CZE230,1200.00,E,0530,0531,0,1710,100.00,22,세곡터널남측-세곡터널북측,0,109
1710CZE240,600.00,E,0531,0532,0,1710,100.00,23,세곡터널북측-헌릉IC,0,109
1710CZS030,600.00,S,0510,0509,0,1710,100.00,24,금광지하차도남측-흥덕IC,0,109
1710CZS040,1800.00,S,0511,0510,0,1710,100.00,23,금광지하차도북측-금광지하차도남측,0,109
1710CZS050,600.00,S,0513,0511,0,1710,100.00,22,광교IC-금광지하차도북측,0,109
1710CZS060,2600.00,S,0514,0513,0,1710,100.00,21,서수지IC-광교IC,0,109
1710CZS070,900.00,S,0515,0514,0,1710,100.00,20,서수지TG-서수지IC,0,109
1710CZS080,2200.00,S,0516,0515,0,1710,100.00,19,고기터널남측-서수지TG,0,109
1710CZS090,900.00,S,0517,0516,0,1710,100.00,18,고기터널북측-고기터널남측,0,109
1710CZS100,500.00,S,0518,0517,0,1710,100.00,17,고기JC남측-고기터널북측,0,109
1710CZS110,200.00,S,0533,0518,0,1710,100.00,16,고기JC북측-고기JC남측,0,109
1710CZS120,200.00,S,0519,0533,0,1710,100.00,15,서분당IC-고기JC북측,0,109
1710CZS121,900.00,S,0520,0533,0,1710,100.00,14,하산운터널남측-서분당IC,0,109
1710CZS130,1700.00,S,0521,0520,0,1710,100.00,13,하산운터널북측-하산운터널남측,0,109
1710CZS140,100.00,S,0522,0521,0,1710,100.00,12,서판교IC남측-하산운터널북측,0,109
1710CZS150,700.00,S,0523,0522,0,1710,100.00,11,서판교IC북측-서판교IC남측,0,109
1710CZS160,500.00,S,0524,0523,0,1710,100.00,10,운중터널남측-서판교IC북측,0,109
1710CZS170,800.00,S,0525,0524,0,1710,100.00,9,운중터널북측-운중터널남측,0,109
1710CZS180,1100.00,S,0526,0525,0,1710,100.00,8,금토TG-운중터널북측,0,109
1710CZS190,400.00,S,0681,0526,0,1710,100.00,7,금토JC-금토TG,0,109
1710CZS195,1300.00,S,0527,0681,0,1710,100.00,6,고등IC-금토JC,0,109
1710CZS200,1600.00,S,0528,0527,0,1710,100.00,5,심곡터널남측-고등IC,0,109
1710CZS210,1300.00,S,0529,0528,0,1710,100.00,4,심곡터널북측-심곡터널남측,0,109
1710CZS220,300.00,S,0530,0529,0,1710,100.00,3,세곡터널남측-심곡터널북측,0,109
1710CZS230,1200.00,S,0531,0530,0,1710,100.00,2,세곡터널북측-세곡터널남측,0,109
1710CZS240,600.00,S,0532,0531,0,1710,100.00,1,헌릉IC-세곡터널북측,0,109
2510CZE010,5520.00,E,0170,0172,2,2510,100.00,1,논산JC-논산IC,0,101
2510CZE020,9480.00,E,0172,0661,2,2510,100.00,2,논산IC-양촌Hi,0,101
2510CZE025,12950.00,E,0661,0349,2,2510,100.00,3,양촌Hi-계룡IC,0,101
2510CZE030,6430.00,E,0349,0099,2,2510,100.00,4,계룡IC-서대전JC,0,101
2510CZE040,8430.00,E,0099,0101,2,2510,100.00,5,서대전JC-유성IC,0,101
2510CZE050,2890.00,E,0101,0421,2,2510,100.00,6,유성IC-유성JC,0,101
2510CZE060,4610.00,E,0421,0103,2,2510,100.00,7,유성JC-북대전IC,0,101
2510CZE070,3590.00,E,0103,0102,2,2510,100.00,8,북대전IC-회덕JC,0,101
2510CZS010,5520.00,S,0172,0170,2,2510,100.00,8,논산IC-논산JC,0,101
2510CZS020,9480.00,S,0661,0172,2,2510,100.00,7,양촌Hi-논산IC,0,101
2510CZS025,12950.00,S,0349,0661,2,2510,100.00,6,계룡IC-양촌Hi,0,101
2510CZS030,6430.00,S,0099,0349,2,2510,100.00,5,서대전JC-계룡IC,0,101
2510CZS040,8430.00,S,0101,0099,2,2510,100.00,4,유성IC-서대전JC,0,101
2510CZS050,2890.00,S,0421,0101,2,2510,100.00,3,유성JC-유성IC,0,101
2510CZS060,4610.00,S,0103,0421,2,2510,100.00,2,북대전IC-유성JC,0,101
2510CZS070,3590.00,S,0102,0103,2,2510,100.00,1,회덕JC-북대전IC,0,101
3000CZE010,1080.00,E,0099,0098,4,3000,100.00,1,서대전JC-서대전IC,0,101
3000CZE020,4610.00,E,0098,0097,4,3000,100.00,2,서대전IC-안영IC,0,101
3000CZE030,7610.00,E,0097,0106,4,3000,100.00,3,안영IC-산내JC,0,101
3000CZS010,1080.00,S,0098,0099,4,3000,100.00,3,서대전IC-서대전JC,0,101
3000CZS020,4610.00,S,0097,0098,4,3000,100.00,2,안영IC-서대전IC,0,101
3000CZS030,7610.00,S,0106,0097,4,3000,100.00,1,산내JC-안영IC,0,101
3010CZE010,3830.00,E,0369,0610,2,3010,100.00,1,낙동JCT-상주JCT,0,109
3010CZE020,8280.00,E,0610,1003,3,3010,100.00,2,상주JCT-도개IC,0,109
3010CZE030,16160.00,E,1003,1004,2,3010,100.00,3,도개IC-서군위IC,0,109
3010CZE040,13220.00,E,1004,1005,2,3010,100.00,4,서군위IC-군위JCT,0,109
3010CZE050,10830.00,E,1005,1006,2,3010,100.00,5,군위JCT-동군위IC,0,109
3010CZE060,15440.00,E,1006,1007,2,3010,100.00,6,동군위IC-신녕IC,0,109
3010CZE070,7410.00,E,1007,1008,2,3010,100.00,7,신녕IC-화산JCT,0,109
3010CZE080,7970.00,E,1008,1009,2,3010,100.00,8,화산JCT-동영천IC,0,109
3010CZE090,10370.00,E,1009,1011,2,3010,100.00,9,동영천IC-북안IC,0,109
3010CZE100,490.00,E,1011,1012,2,3010,100.00,10,북안IC-영천JCT,0,109
3010CZS010,3830.00,S,0610,0369,2,3010,100.00,10,상주JCT-낙동JCT,0,109
3010CZS020,8280.00,S,1003,0610,3,3010,100.00,9,도개IC-상주JCT,0,109
3010CZS030,16160.00,S,1004,1003,2,3010,100.00,8,서군위IC-도개IC,0,109
3010CZS040,13220.00,S,1005,1004,2,3010,100.00,7,군위JCT-서군위IC,0,109
3010CZS050,10830.00,S,1006,1005,2,3010,100.00,6,동군위IC-군위JCT,0,109
3010CZS060,15440.00,S,1007,1006,2,3010,100.00,5,신녕IC-동군위IC,0,109
3010CZS070,7410.00,S,1008,1007,2,3010,100.00,4,화산JCT-신녕IC,0,109
3010CZS080,7970.00,S,1009,1008,2,3010,100.00,3,동영천IC-화산JCT,0,109
3010CZS090,10370.00,S,1011,1009,2,3010,100.00,2,북안IC-동영천IC,0,109
3010CZS100,490.00,S,1012,1011,2,3010,100.00,1,영천JCT-북안IC,0,109
4000CZE010,4970.00,E,0432,0426,3,4000,100.00,1,서오산JC-북오산IC,0,108
4000CZE020,4230.00,E,0426,0431,3,4000,100.00,2,북오산IC-동탄JC,0,108
4000CZS010,4970.00,S,0426,0432,3,4000,100.00,2,북오산IC-서오산JC,0,108
4000CZS020,4230.00,S,0431,0426,3,4000,100.00,1,동탄JC-북오산IC,0,108
4001CZE100,9300.00,E,0625,0626,2,4001,100.00,1,인천김포민자고속도로시점-남청라JC,0,109
4001CZE110,4900.00,E,0626,0627,2,4001,100.00,2,남청라JC-북청라IC,0,109
4001CZE120,4800.00,E,0627,0628,2,4001,100.00,3,북청라IC-검단양촌IC,0,109
4001CZE130,5400.00,E,0628,0629,2,4001,100.00,4,검단양촌IC-대곶IC,0,109
4001CZE140,3600.00,E,0629,0630,2,4001,100.00,5,대곶IC-서김포IC,0,109
4001CZS100,9300.00,S,0626,0625,2,4001,100.00,5,남청라JC-시점,0,109
4001CZS110,4900.00,S,0627,0626,2,4001,100.00,4,북청라IC-남청라JC,0,109
4001CZS120,4800.00,S,0628,0627,2,4001,100.00,3,검단양촌IC-북청라IC,0,109
4001CZS130,5400.00,S,0629,0628,2,4001,100.00,2,대곶IC-검단양촌IC,0,109
4001CZS140,3600.00,S,0630,0629,2,4001,100.00,1,서김포IC-대곶IC,0,109
4002CZE010,4650.00,E,0642,0646,2,4002,100.00,1,소흘JC-옥정IC,0,109
4002CZE020,1290.00,E,0646,0647,2,4002,100.00,2,옥정IC-양주IC,0,109
4002CZS010,4650.00,S,0646,0642,2,4002,100.00,2,옥정IC-소흘JC,0,109
4002CZS020,1290.00,S,0647,0646,2,4002,100.00,1,양주IC-옥정IC,0,109
4510CZE010,3100.00,E,0354,0680,2,4510,100.00,1,현풍JC-북현풍Hi,0,101
4510CZE015,9300.00,E,0680,0017,2,4510,100.00,2,북현풍Hi-달성IC,0,101
4510CZE020,2900.00,E,0017,0016,2,4510,100.00,3,달성IC-옥포JC,0,101
4510CZE030,1600.00,E,0016,0499,4,4510,100.00,4,옥포JC-화원옥포TG,0,101
4510CZE035,600.00,E,0499,0015,4,4510,80.00,5,화원옥포TG-화원옥포IC,0,101
4510CZE040,2600.00,E,0015,0676,4,4510,80.00,6,화원옥포IC-유천Hi,0,101
4510CZE045,3250.00,E,0676,0020,4,4510,80.00,7,유천Hi-남대구IC,0,101
4510CZE050,1570.00,E,0020,0019,3,4510,80.00,8,남대구IC-성서IC,0,101
4510CZE060,3180.00,E,0019,0014,3,4510,100.00,9,성서IC-서대구IC,0,101
4510CZE070,200.00,E,0014,0500,3,4510,100.00,10,서대구IC-서대구TG,0,101
4510CZE080,1140.00,E,0500,0013,3,4510,100.00,11,서대구TG-금호JC,0,101
4510CZS010,3100.00,S,0680,0354,2,4510,100.00,11,북현풍Hi-현풍JC,0,101
4510CZS015,9300.00,S,0017,0680,2,4510,100.00,10,달성IC-북현풍Hi,0,101
4510CZS020,2900.00,S,0016,0017,2,4510,100.00,9,옥포JC-달성IC,0,101
4510CZS030,1600.00,S,0499,0016,4,4510,100.00,8,화원옥포TG-옥포JC,0,101
4510CZS035,600.00,S,0015,0499,4,4510,80.00,7,화원옥포IC-화원옥포TG,0,101
4510CZS040,2600.00,S,0676,0015,4,4510,80.00,6,유천Hi-화원옥포IC,0,101
4510CZS045,3250.00,S,0020,0676,4,4510,80.00,5,남대구IC-유천Hi,0,101
4510CZS050,1570.00,S,0019,0020,3,4510,80.00,4,성서IC-남대구IC,0,101
4510CZS060,3180.00,S,0014,0019,3,4510,100.00,3,서대구IC-성서IC,0,101
4510CZS070,200.00,S,0500,0014,3,4510,100.00,2,서대구TG-서대구IC,0,101
4510CZS080,1140.00,S,0013,0500,3,4510,100.00,1,금호JC-서대구TG,0,101
5510CZE005,9190.00,E,0577,0147,3,5510,100.00,1,김해JC-대동JC,0,101
5510CZE010,4160.00,E,0147,0152,3,5510,100.00,2,대동JC-물금IC,0,101
5510CZE020,2300.00,E,0152,0154,3,5510,100.00,3,물금IC-남양산IC,0,101
5510CZE030,1770.00,E,0154,0155,3,5510,100.00,4,남양산IC-양산JC,0,101
5510CZS005,9190.00,S,0147,0577,3,5510,100.00,4,대동JC-김해JC,0,101
5510CZS010,4160.00,S,0152,0147,3,5510,100.00,3,물금IC-대동JC,0,101
5510CZS020,2300.00,S,0154,0152,3,5510,100.00,2,남양산IC-물금IC,0,101
5510CZS030,1770.00,S,0155,0154,3,5510,100.00,1,양산JC-남양산IC,0,101
6000CZE010,5190.00,E,0663,0664,2,6000,100.00,1,진영JC-진영IC,0,101
6000CZE020,3850.00,E,0664,0665,2,6000,100.00,2,진영IC-한림IC,0,101
6000CZE030,8200.00,E,0665,0666,2,6000,100.00,3,한림IC-광재IC,0,101
6000CZE040,8950.00,E,0666,0667,2,6000,100.00,4,광재IC-대감JC,0,101
6000CZE050,1770.00,E,0667,0668,2,6000,100.00,5,대감JC-김해가야Hi,0,101
6000CZE060,9920.00,E,0668,0669,2,6000,100.00,6,김해가야Hi-노포JC,0,101
6000CZE070,1100.00,E,0669,0670,2,6000,100.00,7,노포JC-금정IC,0,101
6000CZE080,4240.00,E,0670,0671,2,6000,100.00,8,금정IC-기장철마IC,0,101
6000CZE090,5580.00,E,0671,0445,2,6000,100.00,9,기장철마IC-기장JC,0,101
6000CZS010,5190.00,S,0664,0663,2,6000,100.00,9,진영IC-진영JC,0,101
6000CZS020,3850.00,S,0665,0664,2,6000,100.00,8,한림IC-진영IC,0,101
6000CZS030,8200.00,S,0666,0665,2,6000,100.00,7,광재IC-한림IC,0,101
6000CZS040,8950.00,S,0667,0666,2,6000,100.00,6,대감JC-광재IC,0,101
6000CZS050,1770.00,S,0668,0667,2,6000,100.00,5,김해가야Hi-대감JC,0,101
6000CZS060,9920.00,S,0669,0668,2,6000,100.00,4,노포JC-김해가야Hi,0,101
6000CZS070,1100.00,S,0670,0669,2,6000,100.00,3,금정IC-노포JC,0,101
6000CZS080,4240.00,S,0671,0670,2,6000,100.00,2,기장철마IC-금정IC,0,101
6000CZS090,5580.00,S,0445,0671,2,6000,100.00,1,기장JC-기장철마IC,0,101
